точки здесь недоступны для вашей роли (радиус от центра)	points here are not available for your role (radius from center)	Punkte sind hier für deine Rolle nicht verfügbar (Radius vom Zentrum)	les points ne sont pas disponibles ici pour votre rôle (rayon depuis le centre)	los puntos aquí no están disponibles para tu rol (radio desde el centro)	punkty są tutaj niedostępne dla Twojej roli (promień od centrum)	точки тут недоступні для вашої ролі (радіус від центру)	нүктелер мұнда сіздің рөліңізге қолжетімсіз (орталықтан радиус)
лимит ваших точек уже достигнут	you have already reached your point limit	du hast dein Punktelimit bereits erreicht	vous avez déjà atteint votre limite de points	ya has alcanzado tu límite de puntos	osiągnięto już Twój limit punktów	ліміт ваших точок уже досягнуто	нүктелер лимитіңізге жетіп қойдыңыз
Недоступно:	Unavailable:	Nicht verfügbar:	Indisponible :	No disponible:	Niedostępne:	Недоступно:	Қолжетімсіз:
можно изменять только свои точки.	you can edit only your own points.	du kannst nur deine eigenen Punkte ändern.	vous ne pouvez modifier que vos propres points.	solo puedes editar tus propios puntos.	możesz edytować tylko własne punkty.	можна змінювати лише свої точки.	тек өз нүктелеріңізді өзгертуге болады.
срабатываний	triggers	Auslösungen	déclenchements	activaciones	wyzwolenia	спрацювань	іске қосылулар
Телепорт к точке срабатывания	Teleport to trigger point	Teleport zum Auslösepunkt	Téléportation au point de déclenchement	Teletransporte al punto de activación	Teleport do punktu wyzwolenia	Телепорт до точки спрацювання	Іске қосылу нүктесіне телепорттау
Используйте /co teleport <world> <x> <y> <z>	Use /co teleport <world> <x> <y> <z>	Verwende /co teleport <world> <x> <y> <z>	Utilisez /co teleport <world> <x> <y> <z>	Usa /co teleport <world> <x> <y> <z>	Użyj /co teleport <world> <x> <y> <z>	Використовуйте /co teleport <world> <x> <y> <z>	/co teleport <world> <x> <y> <z> пайдаланыңыз
сырые	raw	roh	brut	sin procesar	surowe	необроблені	өңделмеген
Выдаёт специальную кроличью лапку EventHeads для удаления точки или блокировки места случайного спавна.	Gives a special EventHeads rabbit foot for removing a point or blocking a random spawn location.	Gibt eine spezielle EventHeads-Hasenpfote zum Entfernen eines Punkts oder Sperren eines zufälligen Spawn-Orts.	Donne une patte de lapin EventHeads spéciale pour supprimer un point ou bloquer un lieu d'apparition aléatoire.	Entrega una pata de conejo especial de EventHeads para eliminar un punto o bloquear una ubicación de aparición aleatoria.	Wydaje specjalną króliczą łapkę EventHeads do usuwania punktu lub blokowania losowego miejsca pojawiania się.	Видає спеціальну кролячу лапку EventHeads для видалення точки або блокування місця випадкового спавну.	Нүктені жою немесе кездейсоқ спавн орнын бұғаттау үшін EventHeads арнайы қоян табанын береді.
Перезагрузка EventHeads запущена…	EventHeads reload started…	EventHeads-Neuladen gestartet…	Rechargement d'EventHeads lancé…	Recarga de EventHeads iniciada…	Rozpoczęto przeładowanie EventHeads…	Перезавантаження EventHeads запущено…	EventHeads қайта жүктелуде…
Зачистка залипших стоек EventHeads в радиусе	Cleaning up stuck EventHeads stands within a radius of	Bereinigung hängengebliebener EventHeads-Ständer im Radius von	Nettoyage des supports EventHeads bloqués dans un rayon de	Limpiando soportes de EventHeads atascados en un radio de	Czyszczenie zawieszonych stojaków EventHeads w promieniu	Зачистка завислих стійок EventHeads у радіусі	Тұрып қалған EventHeads тіреуіштерін тазалау, радиус:
чанков…	chunks…	Chunks…	chunks…	chunks…	chunków…	чанків…	чанк…
Удалено лишних стоек:	Extra stands removed:	Überzählige Ständer entfernt:	Supports superflus supprimés :	Soportes sobrantes eliminados:	Usunięto zbędne stojaki:	Видалено зайвих стійок:	Артық тіреуіштер жойылды:
Персональные команды отображения Anti-ESP отключены в конфигурации EventHeads.	Personal Anti-ESP display commands are disabled in the EventHeads configuration.	Persönliche Anti-ESP-Anzeigebefehle sind in der EventHeads-Konfiguration deaktiviert.	Les commandes d'affichage personnel Anti-ESP sont désactivées dans la configuration d'EventHeads.	Los comandos de visualización personal de Anti-ESP están desactivados en la configuración de EventHeads.	Osobiste polecenia wyświetlania Anti-ESP są wyłączone w konfiguracji EventHeads.	Персональні команди відображення Anti-ESP вимкнено в конфігурації EventHeads.	Anti-ESP жеке көрсету пәрмендері EventHeads конфигурациясында өшірілген.
Фейковые предметы Anti-ESP скрыты для вас.	Anti-ESP fake items are hidden for you.	Anti-ESP-Fake-Items sind für dich ausgeblendet.	Les faux objets Anti-ESP sont masqués pour vous.	Los objetos falsos de Anti-ESP están ocultos para ti.	Fałszywe przedmioty Anti-ESP są dla Ciebie ukryte.	Фейкові предмети Anti-ESP приховано для вас.	Anti-ESP жалған заттары сізден жасырылды.
Фейковые предметы Anti-ESP снова отображаются для вас.	Anti-ESP fake items are visible to you again.	Anti-ESP-Fake-Items werden dir wieder angezeigt.	Les faux objets Anti-ESP sont de nouveau visibles pour vous.	Los objetos falsos de Anti-ESP vuelven a mostrarse para ti.	Fałszywe przedmioty Anti-ESP są znów dla Ciebie widoczne.	Фейкові предмети Anti-ESP знову відображаються для вас.	Anti-ESP жалған заттары сізге қайта көрсетіледі.
Топ срабатываний Anti-ESP	Anti-ESP top triggers	Anti-ESP Top-Auslösungen	Top des déclenchements Anti-ESP	Top de activaciones de Anti-ESP	Ranking wyzwoleń Anti-ESP	Топ спрацювань Anti-ESP	Anti-ESP ең көп іске қосылулар
Срабатываний пока нет.	No triggers yet.	Noch keine Auslösungen.	Aucun déclenchement pour le moment.	Aún no hay activaciones.	Brak wyzwoleń.	Спрацювань поки немає.	Әзірге іске қосылулар жоқ.
— всего	— total	— insgesamt	— au total	— en total	— łącznie	— усього	— барлығы
Записи для этого игрока нет.	There is no record for this player.	Für diesen Spieler gibt es keinen Eintrag.	Il n'y a aucune entrée pour ce joueur.	No hay registro para este jugador.	Brak wpisu dla tego gracza.	Запису для цього гравця немає.	Бұл ойыншы үшін жазба жоқ.
Статистика	Statistics	Statistik	Statistiques	Estadísticas	Statystyki	Статистика	Статистика
сброшена.	has been reset.	wurde zurückgesetzt.	a été réinitialisé.	se ha restablecido.	została zresetowana.	скинуто.	нөлге қайтарылды.
Сброшено записей:	Records reset:	Einträge zurückgesetzt:	Entrées réinitialisées :	Registros restablecidos:	Zresetowano wpisów:	Скинуто записів:	Нөлге қайтарылған жазбалар:
Удалено ложных стоек:	Fake stands removed:	Falsche Ständer entfernt:	Faux supports supprimés :	Soportes falsos eliminados:	Usunięto fałszywe stojaki:	Видалено фальшивих стійок:	Жалған тіреуіштер жойылды:
Ложные стойки Anti-ESP включены.	Anti-ESP decoy stands enabled.	Anti-ESP-Köder-Ständer aktiviert.	Les supports leurres Anti-ESP sont activés.	Los soportes señuelo de Anti-ESP están activados.	Stojaki-wabiki Anti-ESP włączone.	Фальшиві стійки Anti-ESP увімкнено.	Anti-ESP жалған тіреуіштері қосылды.
Ложные стойки Anti-ESP выключены. Удалено:	Anti-ESP decoy stands disabled. Removed:	Anti-ESP-Köder-Ständer deaktiviert. Entfernt:	Supports leurres Anti-ESP désactivés. Supprimés :	Soportes señuelo de Anti-ESP desactivados. Eliminados:	Stojaki-wabiki Anti-ESP wyłączone. Usunięto:	Фальшиві стійки Anti-ESP вимкнено. Видалено:	Anti-ESP жалған тіреуіштері өшірілді. Жойылғаны:
/eventheads antiesp top [N] | reset [игрок] | on | off | clear | hide | show	/eventheads antiesp top [N] | reset [player] | on | off | clear | hide | show	/eventheads antiesp top [N] | reset [Spieler] | on | off | clear | hide | show	/eventheads antiesp top [N] | reset [joueur] | on | off | clear | hide | show	/eventheads antiesp top [N] | reset [jugador] | on | off | clear | hide | show	/eventheads antiesp top [N] | reset [gracz] | on | off | clear | hide | show	/eventheads antiesp top [N] | reset [гравець] | on | off | clear | hide | show	/eventheads antiesp top [N] | reset [ойыншы] | on | off | clear | hide | show
Топ, сброс статистики, управление ловушками и персональным отображением Anti-ESP.	Top, statistics reset, trap management and personal Anti-ESP display.	Top, Statistik-Reset, Fallenverwaltung und persönliche Anti-ESP-Anzeige.	Top, réinitialisation des statistiques, gestion des pièges et affichage personnel Anti-ESP.	Top, restablecimiento de estadísticas, gestión de trampas y visualización personal de Anti-ESP.	Ranking, reset statystyk, zarządzanie pułapkami i osobiste wyświetlanie Anti-ESP.	Топ, скидання статистики, керування пастками та персональне відображення Anti-ESP.	Топ, статистиканы нөлге қайтару, тұзақтарды басқару және Anti-ESP жеке көрсетілімі.
Задаёт несколько HEX-цветов для частиц DUST выбранного события. Цвета разделяются запятыми.	Sets several HEX colors for the DUST particles of the selected event. Colors are separated by commas.	Legt mehrere HEX-Farben für die DUST-Partikel des gewählten Events fest. Farben werden durch Kommas getrennt.	Définit plusieurs couleurs HEX pour les particules DUST de l'événement sélectionné. Les couleurs sont séparées par des virgules.	Establece varios colores HEX para las partículas DUST del evento seleccionado. Los colores se separan con comas.	Ustawia kilka kolorów HEX dla cząsteczek DUST wybranego wydarzenia. Kolory oddziela się przecinkami.	Таңдалған іс-шараның DUST бөлшектеріне бірнеше HEX-түс орнатады. Түстер үтірмен бөлінеді.	Таңдалған ивенттің DUST бөлшектеріне бірнеше HEX түсін орнатады. Түстер үтірмен бөлінеді.
. Формат:	. Format:	. Format:	. Format :	. Formato:	. Format:	. Формат:	. Формат:
Неверный HEX-цвет:	Invalid HEX color:	Ungültige HEX-Farbe:	Couleur HEX invalide :	Color HEX no válido:	Nieprawidłowy kolor HEX:	Невірний HEX-колір:	Жарамсыз HEX түсі:
Не указан ни один HEX-цвет.	No HEX color specified.	Keine HEX-Farbe angegeben.	Aucune couleur HEX spécifiée.	No se especificó ningún color HEX.	Nie podano żadnego koloru HEX.	Не вказано жодного HEX-кольору.	Ешқандай HEX түсі көрсетілмеген.
установлен DUST с цветами:	DUST set with colors:	DUST festgelegt mit Farben:	DUST défini avec les couleurs :	DUST establecido con los colores:	Ustawiono DUST z kolorami:	встановлено DUST з кольорами:	DUST түстермен орнатылды:
✓ Для события	✓ For event	✓ Für Event	✓ Pour l'événement	✓ Para el evento	✓ Dla wydarzenia	✓ Для івенту	✓ Ивент үшін
Проверяет, созданы ли все рабочие YAML EventHeads и где они находятся.	Checks whether all EventHeads working YAML files exist and where they are located.	Prüft, ob alle EventHeads-YAML-Arbeitsdateien vorhanden sind und wo sie liegen.	Vérifie si tous les fichiers YAML de travail d'EventHeads existent et où ils se trouvent.	Comprueba si existen todos los archivos YAML de trabajo de EventHeads y dónde están.	Sprawdza, czy istnieją wszystkie robocze pliki YAML EventHeads i gdzie się znajdują.	Перевіряє, чи створені всі робочі YAML-файли EventHeads і де вони розташовані.	EventHeads барлық жұмыс YAML файлдарының бар-жоғын және олардың орнын тексереді.
Неверный ввод.	Invalid input.	Ungültige Eingabe.	Saisie invalide.	Entrada no válida.	Nieprawidłowe dane.	Неправильне введення.	Қате енгізу.
Полная команда:	Full command:	Vollständiger Befehl:	Commande complète :	Comando completo:	Pełne polecenie:	Повна команда:	Толық пәрмен:
Короткая команда:	Short command:	Kurzbefehl:	Commande courte :	Comando corto:	Krótkie polecenie:	Коротка команда:	Қысқа пәрмен:
Описание:	Description:	Beschreibung:	Description :	Descripción:	Opis:	Опис:	Сипаттама:
Пример:	Example:	Beispiel:	Exemple :	Ejemplo:	Przykład:	Приклад:	Мысал:
Создаёт новый шаблон ивентового предмета и открывает его редактор.	Creates a new event item template and opens its editor.	Erstellt eine neue Event-Item-Vorlage und öffnet ihren Editor.	Crée un nouveau modèle d'objet d'événement et ouvre son éditeur.	Crea una nueva plantilla de objeto de evento y abre su editor.	Tworzy nowy szablon przedmiotu wydarzenia i otwiera jego edytor.	Створює новий шаблон івентового предмета та відкриває його редактор.	Жаңа ивент заты үлгісін жасап, оның редакторын ашады.
ID: 1–32 символа, только a-z, 0-9, _ и -.	ID: 1–32 characters, only a-z, 0-9, _ and -.	ID: 1–32 Zeichen, nur a-z, 0-9, _ und -.	ID : 1 à 32 caractères, uniquement a-z, 0-9, _ et -.	ID: de 1 a 32 caracteres, solo a-z, 0-9, _ y -.	ID: 1–32 znaki, tylko a-z, 0-9, _ i -.	ID: 1–32 символи, лише a-z, 0-9, _ та -.	ID: 1–32 таңба, тек a-z, 0-9, _ және -.
Ивент с ID	Event with ID	Event mit der ID	L'événement avec l'ID	El evento con ID	Wydarzenie o ID	Івент з ID	ID бар ивент
уже существует.	already exists.	existiert bereits.	existe déjà.	ya existe.	już istnieje.	уже існує.	бұрыннан бар.
Управляет уже созданными ивентовыми предметами.	Manages already created event items.	Verwaltet bereits erstellte Event-Items.	Gère les objets d'événement déjà créés.	Gestiona los objetos de evento ya creados.	Zarządza już utworzonymi przedmiotami wydarzeń.	Керує вже створеними івентовими предметами.	Бұрын жасалған ивент заттарын басқарады.
Выберите существующий EventHeads из списка или введите ID. Пример:	Select an existing EventHeads item from the list or enter an ID. Example:	Wähle ein vorhandenes EventHeads-Item aus der Liste oder gib eine ID ein. Beispiel:	Choisissez un objet EventHeads existant dans la liste ou saisissez un ID. Exemple :	Elige un objeto EventHeads existente de la lista o introduce un ID. Ejemplo:	Wybierz istniejący przedmiot EventHeads z listy lub wpisz ID. Przykład:	Виберіть наявний EventHeads зі списку або введіть ID. Приклад:	Тізімнен бар EventHeads затын таңдаңыз немесе ID енгізіңіз. Мысал:
Полностью удаляет событие, точки, активные экземпляры, настройки и связанную статистику. Название с пробелами тоже поддерживается: /eventheads item delete Новый ивент confirm.	Completely deletes the event, points, active instances, settings and related statistics. Names with spaces are also supported: /eventheads item delete New event confirm.	Löscht das Event, die Punkte, aktive Instanzen, Einstellungen und zugehörige Statistiken vollständig. Namen mit Leerzeichen werden ebenfalls unterstützt: /eventheads item delete Neues Event confirm.	Supprime complètement l'événement, les points, les instances actives, les paramètres et les statistiques associées. Les noms avec espaces sont aussi pris en charge : /eventheads item delete Nouvel événement confirm.	Elimina por completo el evento, los puntos, las instancias activas, los ajustes y las estadísticas asociadas. También se admiten nombres con espacios: /eventheads item delete Nuevo evento confirm.	Całkowicie usuwa wydarzenie, punkty, aktywne instancje, ustawienia i powiązane statystyki. Nazwy ze spacjami są również obsługiwane: /eventheads item delete Nowe wydarzenie confirm.	Повністю видаляє подію, точки, активні екземпляри, налаштування та пов'язану статистику. Назви з пробілами також підтримуються: /eventheads item delete Новий івент confirm.	Іс-шараны, нүктелерді, белсенді данааларды, баптауларды және байланысты статистиканы толығымен жояды. Бос орынды атаулар да қолдау табады: /eventheads item delete Жаңа ивент confirm.
Подтвердите полное удаление именно этого события.	Confirm the full deletion of this specific event.	Bestätige das vollständige Löschen genau dieses Events.	Confirmez la suppression complète de cet événement précis.	Confirma la eliminación completa de este evento en concreto.	Potwierdź całkowite usunięcie właśnie tego wydarzenia.	Підтвердіть повне видалення саме цього івенту.	Дәл осы ивентті толық жоюды растаңыз.
Событие	Event	Event	Événement	Evento	Wydarzenie	Подія	Оқиға
не найдено в хранилище.	was not found in storage.	wurde im Speicher nicht gefunden.	est introuvable dans le stockage.	no se encontró en el almacenamiento.	nie znaleziono w magazynie danych.	не знайдено у сховищі.	сақтауышта табылмады.
полностью удалено.	has been completely deleted.	wurde vollständig gelöscht.	a été complètement supprimé.	se ha eliminado por completo.	został całkowicie usunięty.	повністю видалено.	толығымен жойылды.
✓ Событие	✓ Event	✓ Event	✓ Événement	✓ Evento	✓ Wydarzenie	✓ Подія	✓ Оқиға
Включает или выключает автоматический спавн, не удаляя настройки.	Enables or disables automatic spawning without deleting the settings.	Aktiviert oder deaktiviert das automatische Spawnen, ohne die Einstellungen zu löschen.	Active ou désactive l'apparition automatique sans supprimer les paramètres.	Activa o desactiva la aparición automática sin eliminar los ajustes.	Włącza lub wyłącza automatyczne pojawianie się bez usuwania ustawień.	Вмикає або вимикає автоматичний спавн, не видаляючи налаштувань.	Баптауларды жоймай, автоматты спавнды қосады немесе өшіреді.
Выдаёт настроенный EventHeads-предмет для установки администратором.	Gives a configured EventHeads item for an administrator to place.	Gibt ein konfiguriertes EventHeads-Item zum Platzieren durch einen Administrator.	Donne un objet EventHeads configuré à placer par un administrateur.	Entrega un objeto EventHeads configurado para que lo coloque un administrador.	Wydaje skonfigurowany przedmiot EventHeads do umieszczenia przez administratora.	Видає налаштований предмет EventHeads для встановлення адміністратором.	Әкімші орналастыруы үшін бапталған EventHeads затын береді.
Игрок или ивент не найден.	Player or event not found.	Spieler oder Event nicht gefunden.	Joueur ou événement introuvable.	Jugador o evento no encontrado.	Nie znaleziono gracza lub wydarzenia.	Гравця або івент не знайдено.	Ойыншы немесе ивент табылмады.
Выберите одну из доступных операций.	Choose one of the available operations.	Wähle eine der verfügbaren Operationen.	Choisissez l'une des opérations disponibles.	Elige una de las operaciones disponibles.	Wybierz jedną z dostępnych operacji.	Виберіть одну з доступних операцій.	Қолжетімді әрекеттердің бірін таңдаңыз.
Выдан настроенный предмет	Configured item given	Konfiguriertes Item ausgegeben	Objet configuré donné	Objeto configurado entregado	Wydano skonfigurowany przedmiot	Видано налаштований предмет	Бапталған зат берілді
игроку	to player	an Spieler	au joueur	al jugador	graczowi	гравцю	ойыншыға
Включает постоянный режим установки точек. После команды нажимайте кроличьей шкуркой по блокам; для завершения используйте /eventheads point cancel.	Enables persistent point placement mode. After the command, click blocks with the rabbit hide; use /eventheads point cancel to finish.	Aktiviert den dauerhaften Punkt-Platzierungsmodus. Klicke nach dem Befehl mit dem Hasenfell auf Blöcke; beende den Modus mit /eventheads point cancel.	Active le mode permanent de placement de points. Après la commande, cliquez sur les blocs avec la peau de lapin ; utilisez /eventheads point cancel pour terminer.	Activa el modo permanente de colocación de puntos. Tras el comando, haz clic en los bloques con el cuero de conejo; usa /eventheads point cancel para terminar.	Włącza tryb ciągłego stawiania punktów. Po poleceniu klikaj bloki skórką królika; aby zakończyć, użyj /eventheads point cancel.	Вмикає постійний режим встановлення точок. Після команди клацайте по блоках кролячою шкіркою; для завершення використайте /eventheads point cancel.	Нүктелерді тұрақты орнату режимін қосады. Пәрменнен кейін қоян терісімен блоктарды басыңыз; аяқтау үшін /eventheads point cancel қолданыңыз.
Привязывает инструмент точек сразу к одному или нескольким событиям. Например: /eventheads point add halloween,summer,treasure	Binds the point tool to one or several events at once. For example: /eventheads point add halloween,summer,treasure	Verknüpft das Punktwerkzeug gleichzeitig mit einem oder mehreren Events. Zum Beispiel: /eventheads point add halloween,summer,treasure	Associe l'outil de points à un ou plusieurs événements à la fois. Par exemple : /eventheads point add halloween,summer,treasure	Vincula la herramienta de puntos a uno o varios eventos a la vez. Por ejemplo: /eventheads point add halloween,summer,treasure	Powiązuje narzędzie punktów z jednym lub kilkoma wydarzeniami naraz. Na przykład: /eventheads point add halloween,summer,treasure	Прив'язує інструмент точок одразу до одного або кількох івентів. Наприклад: /eventheads point add halloween,summer,treasure	Нүкте құралын бір немесе бірнеше ивентке бірден байлайды. Мысалы: /eventheads point add halloween,summer,treasure
Свободного места для инструмента нет. Ваши предметы не изменены.	There is no free space for the tool. Your items were not changed.	Für das Werkzeug ist kein freier Platz vorhanden. Deine Items wurden nicht verändert.	Il n'y a pas de place libre pour l'outil. Vos objets n'ont pas été modifiés.	No hay espacio libre para la herramienta. Tus objetos no se han modificado.	Brak wolnego miejsca na narzędzie. Twoje przedmioty nie zostały zmienione.	Немає вільного місця для інструмента. Ваші предмети не змінено.	Құралға бос орын жоқ. Заттарыңыз өзгертілмеді.
✓ Инструмент точек привязан к событиям:	✓ Point tool bound to events:	✓ Punktwerkzeug mit Events verknüpft:	✓ Outil de points associé aux événements :	✓ Herramienta de puntos vinculada a los eventos:	✓ Narzędzie punktów powiązane z wydarzeniami:	✓ Інструмент точок прив'язано до івентів:	✓ Нүкте құралы ивенттерге байланды:
Номер точки должен существовать в списке.	The point number must exist in the list.	Die Punktnummer muss in der Liste vorhanden sein.	Le numéro du point doit exister dans la liste.	El número del punto debe existir en la lista.	Numer punktu musi istnieć na liście.	Номер точки має існувати у списку.	Нүкте нөмірі тізімде болуы керек.
Удаляет точку по номеру из списка точек.	Removes a point by its number from the point list.	Entfernt einen Punkt anhand seiner Nummer aus der Punktliste.	Supprime un point d'après son numéro dans la liste des points.	Elimina un punto por su número de la lista de puntos.	Usuwa punkt według numeru z listy punktów.	Видаляє точку за номером зі списку точок.	Нүктені нөмірі бойынша нүктелер тізімінен жояды.
add — добавить точку; remove — удалить точку.	add — add a point; remove — remove a point.	add — Punkt hinzufügen; remove — Punkt entfernen.	add — ajouter un point ; remove — supprimer un point.	add — añadir un punto; remove — eliminar un punto.	add — dodaj punkt; remove — usuń punkt.	add — додати точку; remove — видалити точку.	add — нүкте қосу; remove — нүктені жою.
Привязывает EventHeads к существующему WorldGuard-региону. WorldGuard необязателен для работы плагина в целом.	Binds EventHeads to an existing WorldGuard region. WorldGuard is optional for the plugin as a whole.	Verknüpft EventHeads mit einer vorhandenen WorldGuard-Region. WorldGuard ist für das Plugin insgesamt optional.	Associe EventHeads à une région WorldGuard existante. WorldGuard est facultatif pour le plugin dans son ensemble.	Vincula EventHeads a una región de WorldGuard existente. WorldGuard es opcional para el plugin en general.	Powiązuje EventHeads z istniejącym regionem WorldGuard. WorldGuard jest opcjonalny dla działania całego pluginu.	Прив'язує EventHeads до наявного регіону WorldGuard. WorldGuard необов'язковий для роботи плагіна загалом.	EventHeads-ті бар WorldGuard аймағына байлайды. WorldGuard плагиннің жалпы жұмысы үшін міндетті емес.
WorldEdit не найден или выделение отсутствует.	WorldEdit not found or no selection.	WorldEdit nicht gefunden oder keine Auswahl vorhanden.	WorldEdit introuvable ou aucune sélection.	WorldEdit no encontrado o no hay selección.	Nie znaleziono WorldEdit lub brak zaznaczenia.	WorldEdit не знайдено або виділення відсутнє.	WorldEdit табылмады немесе таңдау жоқ.
Выделение WorldEdit сохранено.	WorldEdit selection saved.	WorldEdit-Auswahl gespeichert.	Sélection WorldEdit enregistrée.	Selección de WorldEdit guardada.	Zapisano zaznaczenie WorldEdit.	Виділення WorldEdit збережено.	WorldEdit таңдауы сақталды.
Сохраняет текущую выделенную область WorldEdit.	Saves the currently selected WorldEdit area.	Speichert den aktuell ausgewählten WorldEdit-Bereich.	Enregistre la zone WorldEdit actuellement sélectionnée.	Guarda el área de WorldEdit seleccionada actualmente.	Zapisuje aktualnie zaznaczony obszar WorldEdit.	Зберігає поточну виділену область WorldEdit.	Қазіргі таңдалған WorldEdit аумағын сақтайды.
WorldGuard не установлен. Используйте точки или WorldEdit-область.	WorldGuard is not installed. Use points or a WorldEdit area.	WorldGuard ist nicht installiert. Verwende Punkte oder einen WorldEdit-Bereich.	WorldGuard n'est pas installé. Utilisez des points ou une zone WorldEdit.	WorldGuard no está instalado. Usa puntos o un área de WorldEdit.	WorldGuard nie jest zainstalowany. Użyj punktów lub obszaru WorldEdit.	WorldGuard не встановлено. Використовуйте точки або область WorldEdit.	WorldGuard орнатылмаған. Нүктелерді немесе WorldEdit аумағын пайдаланыңыз.
Добавляет регион WorldGuard к ивентовому предмету.	Adds a WorldGuard region to the event item.	Fügt dem Event-Item eine WorldGuard-Region hinzu.	Ajoute une région WorldGuard à l'objet d'événement.	Añade una región de WorldGuard al objeto de evento.	Dodaje region WorldGuard do przedmiotu wydarzenia.	Додає регіон WorldGuard до івентового предмета.	Ивент затына WorldGuard аймағын қосады.
Регион добавлен:	Region added:	Region hinzugefügt:	Région ajoutée :	Región añadida:	Dodano region:	Регіон додано:	Аймақ қосылды:
Регион	Region	Region	Région	Región	Region	Регіон	Аймақ
Удаляет один WorldGuard-регион из ивента. Можно удалить даже если WorldGuard сейчас выключен.	Removes a single WorldGuard region from the event. It can be removed even if WorldGuard is currently disabled.	Entfernt eine einzelne WorldGuard-Region aus dem Event. Sie kann auch entfernt werden, wenn WorldGuard gerade deaktiviert ist.	Supprime une seule région WorldGuard de l'événement. Elle peut être supprimée même si WorldGuard est actuellement désactivé.	Elimina una sola región de WorldGuard del evento. Se puede eliminar incluso si WorldGuard está desactivado ahora mismo.	Usuwa pojedynczy region WorldGuard z wydarzenia. Można go usunąć nawet wtedy, gdy WorldGuard jest obecnie wyłączony.	Видаляє один регіон WorldGuard з івенту. Його можна видалити, навіть якщо WorldGuard зараз вимкнено.	Ивенттен бір WorldGuard аймағын жояды. WorldGuard қазір өшірулі болса да жоюға болады.
не найден в ивенте	not found in the event	im Event nicht gefunden	introuvable dans l'événement	no encontrado en el evento	nie znaleziono w wydarzeniu	не знайдено в івенті	ивентте табылмады
удалён из	removed from	entfernt aus	supprimé de	eliminado de	usunięto z	видалено з	жойылды:
У ивента	For event	Beim Event	Pour l'événement	Del evento	Dla wydarzenia	В івента	Ивент үшін
удалены все WorldGuard-регионы:	all WorldGuard regions removed:	alle WorldGuard-Regionen entfernt:	toutes les régions WorldGuard supprimées :	todas las regiones de WorldGuard eliminadas:	usunięto wszystkie regiony WorldGuard:	усі регіони WorldGuard видалено:	барлық WorldGuard аймақтары жойылды:
WorldGuard сейчас недоступен. Установите/включите его или используйте /eventheads region remove/clear.	WorldGuard is currently unavailable. Install/enable it or use /eventheads region remove/clear.	WorldGuard ist derzeit nicht verfügbar. Installiere/aktiviere es oder verwende /eventheads region remove/clear.	WorldGuard est actuellement indisponible. Installez-le/activez-le ou utilisez /eventheads region remove/clear.	WorldGuard no está disponible ahora mismo. Instálalo/actívalo o usa /eventheads region remove/clear.	WorldGuard jest obecnie niedostępny. Zainstaluj/włącz go lub użyj /eventheads region remove/clear.	WorldGuard зараз недоступний. Встановіть/увімкніть його або використайте /eventheads region remove/clear.	WorldGuard қазір қолжетімсіз. Оны орнатыңыз/қосыңыз немесе /eventheads region remove/clear пайдаланыңыз.
добавлен к	added to	hinzugefügt zu	ajouté à	añadido a	dodano do	додано до	қосылды:
Добавляет или удаляет WorldGuard-регионы. remove/clear работают даже при отключённом WorldGuard.	Adds or removes WorldGuard regions. remove/clear work even when WorldGuard is disabled.	Fügt WorldGuard-Regionen hinzu oder entfernt sie. remove/clear funktionieren auch bei deaktiviertem WorldGuard.	Ajoute ou supprime des régions WorldGuard. remove/clear fonctionnent même lorsque WorldGuard est désactivé.	Añade o elimina regiones de WorldGuard. remove/clear funcionan incluso con WorldGuard desactivado.	Dodaje lub usuwa regiony WorldGuard. remove/clear działają nawet przy wyłączonym WorldGuard.	Додає або видаляє регіони WorldGuard. remove/clear працюють, навіть коли WorldGuard вимкнено.	WorldGuard аймақтарын қосады немесе жояды. remove/clear WorldGuard өшірулі болса да жұмыс істейді.
Создаёт тестовый экземпляр в допустимом месте рядом с вами.	Creates a test instance in a valid location near you.	Erstellt eine Testinstanz an einem gültigen Ort in deiner Nähe.	Crée une instance de test à un endroit valide près de vous.	Crea una instancia de prueba en un lugar válido cerca de ti.	Tworzy testową instancję w dozwolonym miejscu blisko Ciebie.	Створює тестовий екземпляр у допустимому місці поруч із вами.	Жаныңыздағы жарамды орында сынақ данасын жасайды.
Тестовый спавн не удался: место не соответствует настройкам.	Test spawn failed: the location does not match the settings.	Test-Spawn fehlgeschlagen: Der Ort entspricht nicht den Einstellungen.	Échec de l'apparition de test : l'emplacement ne correspond pas aux paramètres.	Falló la aparición de prueba: la ubicación no cumple los ajustes.	Test pojawienia się nie powiódł się: miejsce nie spełnia ustawień.	Тестовий спавн не вдався: місце не відповідає налаштуванням.	Сынақ спавны сәтсіз: орын баптауларға сәйкес келмейді.
Супер-администратор Dok_Si защищён и не может быть удалён из EventHeads.	Super administrator Dok_Si is protected and cannot be removed from EventHeads.	Superadministrator Dok_Si ist geschützt und kann nicht aus EventHeads entfernt werden.	Le super-administrateur Dok_Si est protégé et ne peut pas être retiré d'EventHeads.	El superadministrador Dok_Si está protegido y no se puede eliminar de EventHeads.	Superadministrator Dok_Si jest chroniony i nie może zostać usunięty z EventHeads.	Суперадміністратор Dok_Si захищений і не може бути видалений з EventHeads.	Dok_Si супер әкімшісі қорғалған және оны EventHeads-тен жоюға болмайды.
Удаляет роль игрока после двойного подтверждения.	Removes a player's role after double confirmation.	Entfernt die Rolle eines Spielers nach doppelter Bestätigung.	Retire le rôle d'un joueur après une double confirmation.	Elimina el rol de un jugador tras una doble confirmación.	Usuwa rolę gracza po podwójnym potwierdzeniu.	Видаляє роль гравця після подвійного підтвердження.	Қос растаудан кейін ойыншының рөлін жояды.
Удалять участников может только супер-администратор.	Only the super administrator can remove members.	Nur der Superadministrator kann Mitglieder entfernen.	Seul le super-administrateur peut retirer des membres.	Solo el superadministrador puede eliminar miembros.	Tylko superadministrator może usuwać członków.	Видаляти учасників може лише суперадміністратор.	Қатысушыларды тек супер әкімші жоя алады.
в течение 20 секунд.	within 20 seconds.	innerhalb von 20 Sekunden.	dans les 20 secondes.	en un plazo de 20 segundos.	w ciągu 20 sekund.	протягом 20 секунд.	20 секунд ішінде.
повторите команду с	repeat the command with	wiederhole den Befehl mit	répétez la commande avec	repite el comando con	powtórz polecenie z	повторіть команду з	пәрменді мынамен қайталаңыз:
⚠ Для удаления	⚠ To delete	⚠ Zum Löschen von	⚠ Pour supprimer	⚠ Para eliminar a	⚠ Aby usunąć	⚠ Для видалення	⚠ Жою үшін
Назначает игроку встроенную или созданную вами роль.	Assigns a built-in or custom role to a player.	Weist einem Spieler eine integrierte oder selbst erstellte Rolle zu.	Attribue à un joueur un rôle intégré ou personnalisé.	Asigna a un jugador un rol integrado o creado por ti.	Przypisuje graczowi wbudowaną lub własną rolę.	Призначає гравцю вбудовану або створену вами роль.	Ойыншыға кірістірілген немесе өзіңіз жасаған рөлді тағайындайды.
Роль не найдена. Сначала создайте её через /eventheads role create.	Role not found. Create it first via /eventheads role create.	Rolle nicht gefunden. Erstelle sie zuerst mit /eventheads role create.	Rôle introuvable. Créez-le d'abord avec /eventheads role create.	Rol no encontrado. Créalo primero con /eventheads role create.	Nie znaleziono roli. Najpierw utwórz ją przez /eventheads role create.	Роль не знайдено. Спочатку створіть її через /eventheads role create.	Рөл табылмады. Алдымен оны /eventheads role create арқылы жасаңыз.
Супер-администратор Dok_Si защищён и не участвует в ролях EventHeads.	Super administrator Dok_Si is protected and does not participate in EventHeads roles.	Superadministrator Dok_Si ist geschützt und nimmt nicht an EventHeads-Rollen teil.	Le super-administrateur Dok_Si est protégé et ne participe pas aux rôles EventHeads.	El superadministrador Dok_Si está protegido y no participa en los roles de EventHeads.	Superadministrator Dok_Si jest chroniony i nie uczestniczy w rolach EventHeads.	Суперадміністратор Dok_Si захищений і не бере участі в ролях EventHeads.	Dok_Si супер әкімшісі қорғалған және EventHeads рөлдеріне қатыспайды.
Право	Permission	Berechtigung	Permission	Permiso	Uprawnienie	Право	Рұқсат
Точечно разрешает или запрещает право игроку поверх его роли.	Allows or denies a permission for a player on top of their role.	Erlaubt oder verbietet einem Spieler gezielt eine Berechtigung zusätzlich zu seiner Rolle.	Autorise ou interdit ponctuellement une permission à un joueur en plus de son rôle.	Permite o deniega puntualmente un permiso a un jugador por encima de su rol.	Punktowo zezwala na uprawnienie lub go zabrania graczowi ponad jego rolą.	Точково дозволяє або забороняє право гравцю поверх його ролі.	Ойыншыға рөліне қосымша рұқсатты жеке рұқсат етеді немесе тыйым салады.
для	for	für	pour	para	dla	для	үшін
запрещено	denied	verboten	interdit	denegado	zabronione	заборонено	тыйым салынған
разрешено	allowed	erlaubt	autorisé	permitido	dozwolone	дозволено	рұқсат етілген
Управляет ролями и индивидуальными правами.	Manages roles and individual permissions.	Verwaltet Rollen und individuelle Berechtigungen.	Gère les rôles et les permissions individuelles.	Gestiona roles y permisos individuales.	Zarządza rolami i indywidualnymi uprawnieniami.	Керує ролями та індивідуальними правами.	Рөлдер мен жеке рұқсаттарды басқарады.
give — выдать кроличью лапку EventHeads для управления точками/чёрным списком; take — удалить только специальную лапку из руки.	give — give the EventHeads rabbit foot for managing points/blacklist; take — remove only the special foot from your hand.	give — EventHeads-Hasenpfote zur Verwaltung von Punkten/Sperrliste ausgeben; take — nur die spezielle Pfote aus der Hand entfernen.	give — donner la patte de lapin EventHeads pour gérer les points/la liste noire ; take — retirer uniquement la patte spéciale de la main.	give — entregar la pata de conejo de EventHeads para gestionar puntos/lista negra; take — quitar solo la pata especial de la mano.	give — wydaj króliczą łapkę EventHeads do zarządzania punktami/czarną listą; take — usuń z ręki tylko specjalną łapkę.	give — видати кролячу лапку EventHeads для керування точками/чорним списком; take — видалити з руки лише спеціальну лапку.	give — нүктелер/қара тізімді басқаруға арналған EventHeads қоян табанын беру; take — қолдағы арнайы табанды ғана жою.
Выдаёт кроличью лапку: <id> — только для одного события; all — общий чёрный список для всех событий.	Gives a rabbit foot: <id> — for a single event only; all — global blacklist for all events.	Gibt eine Hasenpfote aus: <id> — nur für ein einzelnes Event; all — globale Sperrliste für alle Events.	Donne une patte de lapin : <id> — pour un seul événement ; all — liste noire globale pour tous les événements.	Entrega una pata de conejo: <id> — solo para un evento; all — lista negra global para todos los eventos.	Wydaje króliczą łapkę: <id> — tylko dla jednego wydarzenia; all — globalna czarna lista dla wszystkich wydarzeń.	Видає кролячу лапку: <id> — лише для однієї події; all — загальний чорний список для всіх подій.	Қоян табанын береді: <id> — тек бір ивент үшін; all — барлық ивенттер үшін ортақ қара тізім.
Выдана кроличья лапка для общего чёрного списка EventHeads.	A rabbit foot for the global EventHeads blacklist was given.	Eine Hasenpfote für die globale EventHeads-Sperrliste wurde ausgegeben.	Une patte de lapin pour la liste noire globale EventHeads a été donnée.	Se ha entregado una pata de conejo para la lista negra global de EventHeads.	Wydano króliczą łapkę dla globalnej czarnej listy EventHeads.	Видано кролячу лапку для загального чорного списку EventHeads.	EventHeads ортақ қара тізіміне арналған қоян табаны берілді.
Выдана кроличья лапка для события	A rabbit foot was given for the event	Eine Hasenpfote für das Event wurde ausgegeben	Une patte de lapin a été donnée pour l'événement	Se ha entregado una pata de conejo para el evento	Wydano króliczą łapkę dla wydarzenia	Видано кролячу лапку для події	Ивент үшін қоян табаны берілді
В руке нет специальной кроличьей лапки EventHeads. Обычный предмет не удалён.	You are not holding a special EventHeads rabbit foot. The regular item was not removed.	Du hältst keine spezielle EventHeads-Hasenpfote in der Hand. Das normale Item wurde nicht entfernt.	Vous ne tenez pas de patte de lapin EventHeads spéciale. L'objet ordinaire n'a pas été retiré.	No tienes en la mano una pata de conejo especial de EventHeads. El objeto normal no se eliminó.	Nie trzymasz w ręce specjalnej króliczej łapki EventHeads. Zwykły przedmiot nie został usunięty.	У руці немає спеціальної кролячої лапки EventHeads. Звичайний предмет не видалено.	Қолыңызда EventHeads арнайы қоян табаны жоқ. Қарапайым зат жойылмады.
Специальная кроличья лапка EventHeads удалена из руки.	The special EventHeads rabbit foot was removed from your hand.	Die spezielle EventHeads-Hasenpfote wurde aus deiner Hand entfernt.	La patte de lapin EventHeads spéciale a été retirée de votre main.	La pata de conejo especial de EventHeads se ha quitado de tu mano.	Specjalna królicza łapka EventHeads została usunięta z Twojej ręki.	Спеціальну кролячу лапку EventHeads видалено з руки.	EventHeads арнайы қоян табаны қолыңыздан жойылды.
give — получить инструмент; take — удалить его из руки.	give — get the tool; take — remove it from your hand.	give — Werkzeug erhalten; take — aus der Hand entfernen.	give — obtenir l'outil ; take — le retirer de la main.	give — obtener la herramienta; take — quitarla de la mano.	give — otrzymaj narzędzie; take — usuń je z ręki.	give — отримати інструмент; take — видалити його з руки.	give — құралды алу; take — оны қолдан жою.
Создаёт кастомную роль. Пример: /eventheads role create helperplus Помощник 45 view,points,give,test	Creates a custom role. Example: /eventheads role create helperplus Helper 45 view,points,give,test	Erstellt eine benutzerdefinierte Rolle. Beispiel: /eventheads role create helperplus Helfer 45 view,points,give,test	Crée un rôle personnalisé. Exemple : /eventheads role create helperplus Assistant 45 view,points,give,test	Crea un rol personalizado. Ejemplo: /eventheads role create helperplus Ayudante 45 view,points,give,test	Tworzy własną rolę. Przykład: /eventheads role create helperplus Pomocnik 45 view,points,give,test	Створює власну роль. Приклад: /eventheads role create helperplus Помічник 45 view,points,give,test	Жеке рөл жасайды. Мысал: /eventheads role create helperplus Көмекші 45 view,points,give,test
permissions через запятую: view,create,edit,delete,spawn,points,stats,schedule,access,give,settings,test,break,item	permissions separated by commas: view,create,edit,delete,spawn,points,stats,schedule,access,give,settings,test,break,item	permissions durch Kommas getrennt: view,create,edit,delete,spawn,points,stats,schedule,access,give,settings,test,break,item	permissions séparées par des virgules : view,create,edit,delete,spawn,points,stats,schedule,access,give,settings,test,break,item	permissions separados por comas: view,create,edit,delete,spawn,points,stats,schedule,access,give,settings,test,break,item	permissions oddzielone przecinkami: view,create,edit,delete,spawn,points,stats,schedule,access,give,settings,test,break,item	permissions через кому: view,create,edit,delete,spawn,points,stats,schedule,access,give,settings,test,break,item	permissions үтірмен бөлінеді: view,create,edit,delete,spawn,points,stats,schedule,access,give,settings,test,break,item
Вес новой роли должен быть ниже вашей роли.	The new role's weight must be lower than your role's.	Das Gewicht der neuen Rolle muss niedriger sein als das deiner Rolle.	Le poids du nouveau rôle doit être inférieur à celui de votre rôle.	El peso del nuevo rol debe ser menor que el de tu rol.	Waga nowej roli musi być niższa niż Twojej roli.	Вага нової ролі має бути нижчою за вашу роль.	Жаңа рөлдің салмағы сіздің рөліңізден төмен болуы керек.
(вес	(weight	(Gewicht	(poids	(peso	(waga	(вага	(салмақ
Роль создана:	Role created:	Rolle erstellt:	Rôle créé :	Rol creado:	Rola utworzona:	Роль створено:	Рөл жасалды:
Такая роль уже существует или ID некорректен.	Such a role already exists or the ID is invalid.	Eine solche Rolle existiert bereits oder die ID ist ungültig.	Un tel rôle existe déjà ou l'ID est invalide.	Ese rol ya existe o el ID no es válido.	Taka rola już istnieje lub ID jest nieprawidłowe.	Така роль уже існує або ID некоректний.	Мұндай рөл бұрыннан бар немесе ID жарамсыз.
Вес должен быть целым числом.	The weight must be an integer.	Das Gewicht muss eine ganze Zahl sein.	Le poids doit être un nombre entier.	El peso debe ser un número entero.	Waga musi być liczbą całkowitą.	Вага має бути цілим числом.	Салмақ бүтін сан болуы керек.
Добавляет игрока в уже существующую встроенную или кастомную роль.	Adds a player to an existing built-in or custom role.	Fügt einen Spieler zu einer vorhandenen integrierten oder benutzerdefinierten Rolle hinzu.	Ajoute un joueur à un rôle intégré ou personnalisé existant.	Añade a un jugador a un rol integrado o personalizado existente.	Dodaje gracza do istniejącej wbudowanej lub własnej roli.	Додає гравця до наявної вбудованої або власної ролі.	Ойыншыны бар кірістірілген немесе жеке рөлге қосады.
Роль	Role	Rolle	Rôle	Rol	Rola	Роль	Рөл
не найдена. Используйте /eventheads role list.	not found. Use /eventheads role list.	nicht gefunden. Verwende /eventheads role list.	introuvable. Utilisez /eventheads role list.	no encontrado. Usa /eventheads role list.	nie znaleziono. Użyj /eventheads role list.	не знайдено. Використовуйте /eventheads role list.	табылмады. /eventheads role list пайдаланыңыз.
) — вес	) — weight	) — Gewicht	) — poids	) — peso	) — waga	) — вага	) — салмақ
; права:	; permissions:	; Berechtigungen:	 ; permissions :	; permisos:	; uprawnienia:	; права:	; рұқсаттар:
Роли EventHeads:	EventHeads roles:	EventHeads-Rollen:	Rôles EventHeads :	Roles de EventHeads:	Role EventHeads:	Ролі EventHeads:	EventHeads рөлдері:
— вес	— weight	— Gewicht	— poids	— peso	— waga	— вага	— салмақ
Встроенные роли удалить нельзя.	Built-in roles cannot be deleted.	Integrierte Rollen können nicht gelöscht werden.	Les rôles intégrés ne peuvent pas être supprimés.	Los roles integrados no se pueden eliminar.	Wbudowanych ról nie można usunąć.	Вбудовані ролі видаляти не можна.	Кірістірілген рөлдерді жоюға болмайды.
Кастомная роль не найдена.	Custom role not found.	Benutzerdefinierte Rolle nicht gefunden.	Rôle personnalisé introuvable.	Rol personalizado no encontrado.	Nie znaleziono własnej roli.	Власну роль не знайдено.	Жеке рөл табылмады.
Роль удалена:	Role deleted:	Rolle gelöscht:	Rôle supprimé :	Rol eliminado:	Rola usunięta:	Роль видалено:	Рөл жойылды:
Удаляет только кастомную роль и сбрасывает её у назначенных игроков.	Removes only a custom role and clears it from assigned players.	Entfernt nur eine benutzerdefinierte Rolle und setzt sie bei zugewiesenen Spielern zurück.	Supprime uniquement un rôle personnalisé et le retire aux joueurs auxquels il est attribué.	Elimina solo un rol personalizado y lo quita a los jugadores asignados.	Usuwa tylko własną rolę i zdejmuje ją przypisanym graczom.	Видаляє лише власну роль і скидає її призначеним гравцям.	Тек жеке рөлді жояды және оны тағайындалған ойыншылардан алып тастайды.
Удалять роли может только супер-администратор.	Only the super administrator can delete roles.	Nur der Superadministrator kann Rollen löschen.	Seul le super-administrateur peut supprimer des rôles.	Solo el superadministrador puede eliminar roles.	Tylko superadministrator może usuwać role.	Видаляти ролі може лише суперадміністратор.	Рөлдерді тек супер әкімші жоя алады.
⚠ Для удаления роли	⚠ To delete the role	⚠ Zum Löschen der Rolle	⚠ Pour supprimer le rôle	⚠ Para eliminar el rol	⚠ Aby usunąć rolę	⚠ Для видалення ролі	⚠ Рөлді жою үшін
create — создать кастомную роль; delete — удалить её (только супер-администратор).	create — create a custom role; delete — delete it (super administrator only).	create — benutzerdefinierte Rolle erstellen; delete — löschen (nur Superadministrator).	create — créer un rôle personnalisé ; delete — le supprimer (super-administrateur uniquement).	create — crear un rol personalizado; delete — eliminarlo (solo superadministrador).	create — utwórz własną rolę; delete — usuń ją (tylko superadministrator).	create — створити власну роль; delete — видалити її (лише суперадміністратор).	create — жеке рөл жасау; delete — оны жою (тек супер әкімші).
Сохраняет весь ивент, включая точки, блокировки, WorldGuard/WorldEdit, расписание и визуальный предмет, в отдельный YAML-файл для переноса на другой сервер.	Saves the whole event, including points, blocks, WorldGuard/WorldEdit, schedule and visual item, to a separate YAML file for transfer to another server.	Speichert das gesamte Event, einschließlich Punkten, Sperren, WorldGuard/WorldEdit, Zeitplan und visuellem Item, in einer separaten YAML-Datei zur Übertragung auf einen anderen Server.	Enregistre l'événement entier, y compris points, blocages, WorldGuard/WorldEdit, planning et objet visuel, dans un fichier YAML séparé pour le transférer vers un autre serveur.	Guarda el evento completo, incluidos puntos, bloqueos, WorldGuard/WorldEdit, horario y objeto visual, en un archivo YAML aparte para trasladarlo a otro servidor.	Zapisuje całe wydarzenie, w tym punkty, blokady, WorldGuard/WorldEdit, harmonogram i przedmiot wizualny, w osobnym pliku YAML do przeniesienia na inny serwer.	Зберігає весь івент, включно з точками, блокуваннями, WorldGuard/WorldEdit, розкладом і візуальним предметом, в окремий YAML-файл для перенесення на інший сервер.	Ивентті толығымен, соның ішінде нүктелерді, бұғаттауларды, WorldGuard/WorldEdit, кестені және көрнекі затты басқа серверге көшіру үшін бөлек YAML файлына сақтайды.
✓ Экспортирован:	✓ Exported:	✓ Exportiert:	✓ Exporté :	✓ Exportado:	✓ Wyeksportowano:	✓ Експортовано:	✓ Экспортталды:
✖ Не удалось экспортировать ивент.	✖ Failed to export the event.	✖ Das Event konnte nicht exportiert werden.	✖ Échec de l'exportation de l'événement.	✖ No se pudo exportar el evento.	✖ Nie udało się wyeksportować wydarzenia.	✖ Не вдалося експортувати івент.	✖ Ивентті экспорттау мүмкін болмады.
Импортирует exports/<id>.yml. Это переносит точки и остальные настройки ивента.	Imports exports/<id>.yml. This transfers the points and the other event settings.	Importiert exports/<id>.yml. Dadurch werden die Punkte und die übrigen Event-Einstellungen übertragen.	Importe exports/<id>.yml. Cela transfère les points et les autres paramètres de l'événement.	Importa exports/<id>.yml. Esto transfiere los puntos y el resto de ajustes del evento.	Importuje exports/<id>.yml. Przenosi punkty i pozostałe ustawienia wydarzenia.	Імпортує exports/<id>.yml. Це переносить точки та решту налаштувань івенту.	exports/<id>.yml импорттайды. Бұл нүктелерді және ивенттің басқа баптауларын тасымалдайды.
ID должен содержать только a-z, 0-9, _ и -.	The ID must contain only a-z, 0-9, _ and -.	Die ID darf nur a-z, 0-9, _ und - enthalten.	L'ID ne doit contenir que a-z, 0-9, _ et -.	El ID solo debe contener a-z, 0-9, _ y -.	ID może zawierać tylko a-z, 0-9, _ i -.	ID має містити лише a-z, 0-9, _ та -.	ID тек a-z, 0-9, _ және - таңбаларынан тұруы керек.
не найден.	not found.	nicht gefunden.	introuvable.	no encontrado.	nie znaleziono.	не знайдено.	табылмады.
✖ Файл	✖ File	✖ Datei	✖ Fichier	✖ Archivo	✖ Plik	✖ Файл	✖ Файл
✖ Не удалось импортировать файл.	✖ Failed to import the file.	✖ Die Datei konnte nicht importiert werden.	✖ Échec de l'importation du fichier.	✖ No se pudo importar el archivo.	✖ Nie udało się zaimportować pliku.	✖ Не вдалося імпортувати файл.	✖ Файлды импорттау мүмкін болмады.
импортирован. Точки:	imported. Points:	importiert. Punkte:	importé. Points :	importado. Puntos:	zaimportowano. Punkty:	імпортовано. Точки:	импортталды. Нүктелер:
✓ Ивент	✓ Event	✓ Event	✓ Événement	✓ Evento	✓ Wydarzenie	✓ Івент	✓ Ивент
Новый ивент	New event	Neues Event	Nouvel événement	Nuevo evento	Nowe wydarzenie	Новий івент	Жаңа ивент
Событие доступно только в мире	The event is only available in the world	Das Event ist nur in der Welt verfügbar	L'événement n'est disponible que dans le monde	El evento solo está disponible en el mundo	Wydarzenie jest dostępne tylko w świecie	Подія доступна лише у світі	Оқиға тек мына әлемде қолжетімді:
Собрать сейчас нельзя: нужна ясная погода.	You can't collect it right now: clear weather is required.	Du kannst es gerade nicht einsammeln: Es wird klares Wetter benötigt.	Vous ne pouvez pas le ramasser maintenant : il faut un temps dégagé.	No puedes recogerlo ahora: se necesita clima despejado.	Nie możesz tego teraz zebrać: potrzebna jest czysta pogoda.	Зібрати зараз не можна: потрібна ясна погода.	Қазір жинауға болмайды: ашық ауа райы қажет.
Собрать сейчас нельзя: нужен дождь.	You can't collect it right now: rain is required.	Du kannst es gerade nicht einsammeln: Es wird Regen benötigt.	Vous ne pouvez pas le ramasser maintenant : il faut de la pluie.	No puedes recogerlo ahora: se necesita lluvia.	Nie możesz tego teraz zebrać: potrzebny jest deszcz.	Зібрати зараз не можна: потрібен дощ.	Қазір жинауға болмайды: жаңбыр қажет.
Собрать сейчас нельзя: нужна гроза.	You can't collect it right now: a thunderstorm is required.	Du kannst es gerade nicht einsammeln: Es wird ein Gewitter benötigt.	Vous ne pouvez pas le ramasser maintenant : il faut un orage.	No puedes recogerlo ahora: se necesita una tormenta.	Nie możesz tego teraz zebrać: potrzebna jest burza.	Зібрати зараз не можна: потрібна гроза.	Қазір жинауға болмайды: найзағай қажет.
Собрать сейчас нельзя: сейчас нужна дневная часть суток.	You can't collect it right now: it has to be daytime.	Du kannst es gerade nicht einsammeln: Es muss Tag sein.	Vous ne pouvez pas le ramasser maintenant : il doit faire jour.	No puedes recogerlo ahora: tiene que ser de día.	Nie możesz tego teraz zebrać: musi być dzień.	Зібрати зараз не можна: потрібна денна частина доби.	Қазір жинауға болмайды: тәуліктің күндізгі бөлігі қажет.
Собрать сейчас нельзя: сейчас нужна ночь.	You can't collect it right now: it has to be night.	Du kannst es gerade nicht einsammeln: Es muss Nacht sein.	Vous ne pouvez pas le ramasser maintenant : il doit faire nuit.	No puedes recogerlo ahora: tiene que ser de noche.	Nie możesz tego teraz zebrać: musi być noc.	Зібрати зараз не можна: потрібна ніч.	Қазір жинауға болмайды: түн қажет.
Собрать сейчас нельзя: сейчас неподходящее время.	You can't collect it right now: it is the wrong time.	Du kannst es gerade nicht einsammeln: Die Tageszeit passt nicht.	Vous ne pouvez pas le ramasser maintenant : ce n'est pas le bon moment.	No puedes recogerlo ahora: no es el momento adecuado.	Nie możesz tego teraz zebrać: to nieodpowiednia pora.	Зібрати зараз не можна: зараз невідповідний час.	Қазір жинауға болмайды: қазір уақыт сәйкес емес.
Вы не можете собрать:	You can't collect:	Du kannst nicht einsammeln:	Vous ne pouvez pas ramasser :	No puedes recoger:	Nie możesz zebrać:	Ви не можете зібрати:	Сіз жинай алмайсыз:
требование к шлему настроено на неизвестный предмет	the helmet requirement is set to an unknown item	die Helm-Anforderung ist auf ein unbekanntes Item eingestellt	l'exigence de casque est réglée sur un objet inconnu	el requisito de casco está configurado con un objeto desconocido	wymaganie dotyczące hełmu wskazuje nieznany przedmiot	вимогу до шолома налаштовано на невідомий предмет	дулыға талабы белгісіз затқа бапталған
вы не надели	you are not wearing	du trägst nicht	vous ne portez pas	no llevas puesto	nie nosisz	ви не вдягли	сіз киген жоқсыз:
требуемый предмет в инвентаре настроен неверно	the required inventory item is configured incorrectly	das erforderliche Inventar-Item ist falsch konfiguriert	l'objet d'inventaire requis est mal configuré	el objeto de inventario requerido está mal configurado	wymagany przedmiot w ekwipunku jest źle skonfigurowany	потрібний предмет в інвентарі налаштовано неправильно	қажетті инвентарь заты дұрыс бапталмаған
нужного предмета нет в инвентаре	the required item is not in your inventory	das erforderliche Item ist nicht in deinem Inventar	l'objet requis n'est pas dans votre inventaire	el objeto requerido no está en tu inventario	wymaganego przedmiotu nie ma w ekwipunku	потрібного предмета немає в інвентарі	қажетті зат инвентарьде жоқ
алмазный шлем	a diamond helmet	einen Diamanthelm	un casque en diamant	un casco de diamante	diamentowego hełmu	алмазний шолом	алмаз дулыға
железный шлем	an iron helmet	einen Eisenhelm	un casque en fer	un casco de hierro	żelaznego hełmu	залізний шолом	темір дулыға
золотой шлем	a golden helmet	einen Goldhelm	un casque en or	un casco de oro	złotego hełmu	золотий шолом	алтын дулыға
кожаную шапку	a leather cap	eine Lederkappe	un bonnet en cuir	una gorra de cuero	skórzanej czapki	шкіряну шапку	былғары бөрік
кольчужный шлем	a chainmail helmet	einen Kettenhelm	un casque en mailles	un casco de cota de malla	kolczego hełmu	кольчужний шолом	сақина сауыт дулыға
незеритовый шлем	a netherite helmet	einen Netheritehelm	un casque en netherite	un casco de netherita	hełmu z netherytu	незеритовий шолом	незерит дулыға
резную тыкву	a carved pumpkin	einen geschnitzten Kürbis	une citrouille sculptée	una calabaza tallada	rzeźbionej dyni	різьблений гарбуз	ойылған асқабақ
тыкву	a pumpkin	einen Kürbis	une citrouille	una calabaza	dyni	гарбуз	асқабақ
черепаший панцирь	a turtle shell	einen Schildkrötenpanzer	une carapace de tortue	un caparazón de tortuga	skorupy żółwia	черепаховий панцир	тасбақа сауыты
Вы не можете собрать этот ивент: выполните требования.	You can't collect this event item: meet the requirements.	Du kannst dieses Event-Item nicht einsammeln: Erfülle die Anforderungen.	Vous ne pouvez pas ramasser cet objet d'événement : remplissez les conditions.	No puedes recoger este objeto de evento: cumple los requisitos.	Nie możesz zebrać tego przedmiotu wydarzenia: spełnij wymagania.	Ви не можете зібрати цей івент: виконайте вимоги.	Бұл ивентті жинай алмайсыз: талаптарды орындаңыз.
Ивентовый предмет	Event item	Event-Item	Objet d'événement	Objeto de evento	Przedmiot wydarzenia	Івентовий предмет	Ивент заты
Активные экземпляры	Active instances	Aktive Instanzen	Instances actives	Instancias activas	Aktywne instancje	Активні екземпляри	Белсенді даналар
Журнал	Log	Protokoll	Journal	Registro	Dziennik	Журнал	Журнал
Пользователи и роли	Users and roles	Benutzer und Rollen	Utilisateurs et rôles	Usuarios y roles	Użytkownicy i role	Користувачі та ролі	Пайдаланушылар мен рөлдер
События	Events	Events	Événements	Eventos	Wydarzenia	Події	Оқиғалар
Точки	Points	Punkte	Points	Puntos	Punkty	Точки	Нүктелер
EventHeads — хранилище данных	EventHeads — data storage	EventHeads — Datenspeicher	EventHeads — stockage des données	EventHeads — almacenamiento de datos	EventHeads — magazyn danych	EventHeads — сховище даних	EventHeads — деректер қоймасы
Папка:	Folder:	Ordner:	Dossier :	Carpeta:	Folder:	Тека:	Қалта:
Б	B	B	o	B	B	Б	Б
ОТСУТСТВУЕТ	MISSING	FEHLT	ABSENT	FALTA	BRAK	ВІДСУТНІЙ	ЖОҚ
создан	created	erstellt	créé	creado	utworzono	створено	жасалды
Резервные копии:	Backups:	Sicherungen:	Sauvegardes :	Copias de seguridad:	Kopie zapasowe:	Резервні копії:	Резервтік көшірмелер:
плывёт	floats	schwebt	flotte	flota	unosi się	пливе	жүзеді
• диагностика	• diagnostics	• Diagnose	• diagnostic	• diagnóstico	• diagnostyka	• діагностика	• диагностика
Версия:	Version:	Version:	Version :	Versión:	Wersja:	Версія:	Нұсқа:
Ядро:	Core:	Kern:	Noyau :	Núcleo:	Rdzeń:	Ядро:	Ядро:
Активных экземпляров:	Active instances:	Aktive Instanzen:	Instances actives :	Instancias activas:	Aktywne instancje:	Активних екземплярів:	Белсенді даналар:
Событий:	Events:	Events:	Événements :	Eventos:	Wydarzenia:	Подій:	Оқиғалар:
Состояние событий	Event status	Event-Status	État des événements	Estado de los eventos	Stan wydarzeń	Стан подій	Оқиғалар күйі
неизвестно	unknown	unbekannt	inconnu	desconocido	nieznany	невідомо	белгісіз
создал:	created by:	erstellt von:	créé par :	creado por:	utworzył:	створив:	жасаған:
режим:	mode:	Modus:	mode :	modo:	tryb:	режим:	режим:
точек:	points:	Punkte:	points :	puntos:	punkty:	точок:	нүкте:
чёрный список:	blacklist:	Sperrliste:	liste noire :	lista negra:	czarna lista:	чорний список:	қара тізім:
статус:	status:	Status:	statut :	estado:	status:	статус:	күйі:
АКТИВНО	ACTIVE	AKTIV	ACTIF	ACTIVO	AKTYWNE	АКТИВНО	БЕЛСЕНДІ
ВЫКЛЮЧЕНО	DISABLED	DEAKTIVIERT	DÉSACTIVÉ	DESACTIVADO	WYŁĄCZONE	ВИМКНЕНО	ӨШІРУЛІ
ЗАВЕРШЕНО	FINISHED	BEENDET	TERMINÉ	FINALIZADO	ZAKOŃCZONE	ЗАВЕРШЕНО	АЯҚТАЛДЫ
НЕ НАЧАЛОСЬ	NOT STARTED	NICHT GESTARTET	PAS COMMENCÉ	NO INICIADO	NIE ROZPOCZĘTE	НЕ РОЗПОЧАТО	БАСТАЛМАҒАН
СЛУЧАЙНЫЙ	RANDOM	ZUFÄLLIG	ALÉATOIRE	ALEATORIO	LOSOWY	ВИПАДКОВИЙ	КЕЗДЕЙСОҚ
СМЕШАННЫЙ	MIXED	GEMISCHT	MIXTE	MIXTO	MIESZANY	ЗМІШАНИЙ	АРАЛАС
ТОЧКИ	POINTS	PUNKTE	POINTS	PUNTOS	PUNKTY	ТОЧКИ	НҮКТЕЛЕР
вы не надели тыкву	you are not wearing a pumpkin	du trägst keinen Kürbis	vous ne portez pas de citrouille	no llevas una calabaza puesta	nie nosisz dyni	ви не вдягли гарбуз	сіз асқабақ кимегенсіз
копия	copy	Kopie	copie	copia	kopia	копія	көшірме
Зимний ивент	Winter event	Winter-Event	Événement d'hiver	Evento de invierno	Wydarzenie zimowe	Зимовий івент	Қысқы ивент
Пасхальный ивент	Easter event	Oster-Event	Événement de Pâques	Evento de Pascua	Wydarzenie wielkanocne	Великодній івент	Пасха ивенті
Поиск предметов	Item hunt	Item-Suche	Chasse aux objets	Búsqueda de objetos	Poszukiwanie przedmiotów	Пошук предметів	Заттарды іздеу
Свой ивент	Custom event	Eigenes Event	Événement personnalisé	Evento propio	Własne wydarzenie	Власний івент	Жеке ивент
Ярмарка	Fair	Jahrmarkt	Foire	Feria	Jarmark	Ярмарок	Жәрмеңке
Готовый зимний шаблон.	A ready-made winter template.	Eine fertige Winter-Vorlage.	Un modèle d'hiver prêt à l'emploi.	Una plantilla de invierno lista para usar.	Gotowy szablon zimowy.	Готовий зимовий шаблон.	Дайын қысқы үлгі.
Готовый пасхальный шаблон.	A ready-made Easter template.	Eine fertige Oster-Vorlage.	Un modèle de Pâques prêt à l'emploi.	Una plantilla de Pascua lista para usar.	Gotowy szablon wielkanocny.	Готовий великодній шаблон.	Дайын Пасха үлгісі.
Поиск предмета с требованием экипировки.	Item hunt with an equipment requirement.	Item-Suche mit Ausrüstungsanforderung.	Chasse aux objets avec une exigence d'équipement.	Búsqueda de objetos con requisito de equipamiento.	Poszukiwanie przedmiotu z wymaganiem wyposażenia.	Пошук предмета з вимогою екіпірування.	Жабдыққа қойылатын талабы бар затты іздеу.
Пустой собственный шаблон.	An empty custom template.	Eine leere eigene Vorlage.	Un modèle personnalisé vide.	Una plantilla propia vacía.	Pusty własny szablon.	Порожній власний шаблон.	Бос жеке үлгі.
Шаблон ярмарочного ивента.	A fair event template.	Eine Jahrmarkt-Event-Vorlage.	Un modèle d'événement de foire.	Una plantilla de evento de feria.	Szablon wydarzenia jarmarcznego.	Шаблон ярмаркового івенту.	Жәрмеңке ивентінің үлгісі.
Конструктор роли	Role builder	Rollen-Editor	Constructeur de rôle	Constructor de rol	Kreator roli	Конструктор ролі	Рөл құрастырушысы
— выберите права, затем заполните ID, название и вес и нажмите «Сохранить роль». Вес должен быть ниже вашей роли, если вы не ADMIN.	— select permissions, then fill in the ID, name and weight and click "Save role". The weight must be lower than your role unless you are ADMIN.	— wähle Berechtigungen aus, fülle dann ID, Namen und Gewicht aus und klicke auf „Rolle speichern“. Das Gewicht muss niedriger als bei deiner Rolle sein, sofern du nicht ADMIN bist.	— sélectionnez les permissions, puis renseignez l'ID, le nom et le poids et cliquez sur « Enregistrer le rôle ». Le poids doit être inférieur à celui de votre rôle, sauf si vous êtes ADMIN.	— selecciona los permisos, luego completa el ID, el nombre y el peso y pulsa «Guardar rol». El peso debe ser menor que el de tu rol, salvo que seas ADMIN.	— wybierz uprawnienia, następnie uzupełnij ID, nazwę i wagę i kliknij „Zapisz rolę”. Waga musi być niższa niż Twojej roli, chyba że jesteś ADMIN.	— виберіть права, потім заповніть ID, назву та вагу й натисніть «Зберегти роль». Вага має бути нижчою за вашу роль, якщо ви не ADMIN.	— рұқсаттарды таңдаңыз, содан кейін ID, атау мен салмақты толтырып, «Рөлді сақтау» түймесін басыңыз. ADMIN болмасаңыз, салмақ сіздің рөліңізден төмен болуы керек.
У вас нет права менять возможности этой роли.	You don't have permission to change this role's capabilities.	Du hast keine Berechtigung, die Fähigkeiten dieser Rolle zu ändern.	Vous n'avez pas la permission de modifier les capacités de ce rôle.	No tienes permiso para cambiar las capacidades de este rol.	Nie masz uprawnień do zmiany możliwości tej roli.	У вас немає права змінювати можливості цієї ролі.	Бұл рөлдің мүмкіндіктерін өзгертуге рұқсатыңыз жоқ.
У вас нет права менять эту роль.	You don't have permission to change this role.	Du hast keine Berechtigung, diese Rolle zu ändern.	Vous n'avez pas la permission de modifier ce rôle.	No tienes permiso para cambiar este rol.	Nie masz uprawnień do zmiany tej roli.	У вас немає права змінювати цю роль.	Бұл рөлді өзгертуге рұқсатыңыз жоқ.
Для встроенной роли лимит точек не задаётся.	A point limit is not set for a built-in role.	Für eine integrierte Rolle wird kein Punktelimit festgelegt.	Aucune limite de points n'est définie pour un rôle intégré.	No se establece un límite de puntos para un rol integrado.	Dla wbudowanej roli nie ustawia się limitu punktów.	Для вбудованої ролі ліміт точок не задається.	Кірістірілген рөл үшін нүкте лимиті белгіленбейді.
Для встроенной роли радиус не задаётся.	A radius is not set for a built-in role.	Für eine integrierte Rolle wird kein Radius festgelegt.	Aucun rayon n'est défini pour un rôle intégré.	No se establece un radio para un rol integrado.	Dla wbudowanej roli nie ustawia się promienia.	Для вбудованої ролі радіус не задається.	Кірістірілген рөл үшін радиус белгіленбейді.
Недоступно: у вашей роли нет права менять центр постановки точек.	Unavailable: your role has no permission to change the point placement center.	Nicht verfügbar: Deine Rolle darf das Zentrum der Punktplatzierung nicht ändern.	Indisponible : votre rôle n'a pas la permission de modifier le centre de placement des points.	No disponible: tu rol no tiene permiso para cambiar el centro de colocación de puntos.	Niedostępne: Twoja rola nie ma uprawnień do zmiany środka stawiania punktów.	Недоступно: у вашої ролі немає права змінювати центр встановлення точок.	Қолжетімсіз: рөліңіздің нүктелерді орнату орталығын өзгертуге рұқсаты жоқ.
: нажмите красную кнопку ещё раз в течение 20 секунд.	: click the red button again within 20 seconds.	: Klicke innerhalb von 20 Sekunden erneut auf die rote Schaltfläche.	: cliquez de nouveau sur le bouton rouge dans les 20 secondes.	: pulsa de nuevo el botón rojo en un plazo de 20 segundos.	: kliknij czerwony przycisk ponownie w ciągu 20 sekund.	: натисніть червону кнопку ще раз протягом 20 секунд.	: 20 секунд ішінде қызыл түймені қайта басыңыз.
У вас нет права сохранять эту роль.	You don't have permission to save this role.	Du hast keine Berechtigung, diese Rolle zu speichern.	Vous n'avez pas la permission d'enregistrer ce rôle.	No tienes permiso para guardar este rol.	Nie masz uprawnień do zapisania tej roli.	У вас немає права зберігати цю роль.	Бұл рөлді сақтауға рұқсатыңыз жоқ.
удалена.	deleted.	gelöscht.	supprimé.	eliminado.	usunięta.	видалено.	жойылды.
⚠ Подтверждение удаления роли	⚠ Role deletion confirmation	⚠ Bestätigung des Löschens der Rolle	⚠ Confirmation de la suppression du rôle	⚠ Confirmación de eliminación del rol	⚠ Potwierdzenie usunięcia roli	⚠ Підтвердження видалення ролі	⚠ Рөлді жоюды растау
✓ Кастомная роль	✓ Custom role	✓ Benutzerdefinierte Rolle	✓ Rôle personnalisé	✓ Rol personalizado	✓ Własna rola	✓ Власна роль	✓ Жеке рөл
ID роли нельзя изменить после создания. Создайте новую роль, если нужен другой ID.	The role ID cannot be changed after creation. Create a new role if you need a different ID.	Die Rollen-ID kann nach dem Erstellen nicht geändert werden. Erstelle eine neue Rolle, wenn du eine andere ID brauchst.	L'ID du rôle ne peut plus être modifié après la création. Créez un nouveau rôle si vous avez besoin d'un autre ID.	El ID del rol no se puede cambiar después de crearlo. Crea un rol nuevo si necesitas otro ID.	ID roli nie można zmienić po utworzeniu. Utwórz nową rolę, jeśli potrzebujesz innego ID.	ID ролі не можна змінити після створення. Створіть нову роль, якщо потрібен інший ID.	Рөл ID-ін жасалғаннан кейін өзгертуге болмайды. Басқа ID қажет болса, жаңа рөл жасаңыз.
✓ Экспортировано в	✓ Exported to	✓ Exportiert nach	✓ Exporté vers	✓ Exportado a	✓ Wyeksportowano do	✓ Експортовано до	✓ Экспорт жасалды:
✖ Ошибка экспорта.	✖ Export error.	✖ Exportfehler.	✖ Erreur d'exportation.	✖ Error de exportación.	✖ Błąd eksportu.	✖ Помилка експорту.	✖ Экспорт қатесі.
Ложные стойки выключены. Удалено:	Decoy stands disabled. Removed:	Köder-Ständer deaktiviert. Entfernt:	Supports leurres désactivés. Supprimés :	Soportes señuelo desactivados. Eliminados:	Stojaki-wabiki wyłączone. Usunięto:	Фальшиві стійки вимкнено. Видалено:	Жалған тіреуіштер өшірілді. Жойылғаны:
У вас нет права редактировать расписание событий.	You don't have permission to edit the event schedule.	Du hast keine Berechtigung, den Event-Zeitplan zu bearbeiten.	Vous n'avez pas la permission de modifier le planning des événements.	No tienes permiso para editar el horario de los eventos.	Nie masz uprawnień do edycji harmonogramu wydarzeń.	У вас немає права редагувати розклад подій.	Оқиғалар кестесін өңдеуге рұқсатыңыз жоқ.
Пересчёт времени жизни запущен…	Lifetime recalculation started…	Neuberechnung der Lebensdauer gestartet…	Recalcul de la durée de vie lancé…	Recálculo del tiempo de vida iniciado…	Rozpoczęto przeliczanie czasu życia…	Перерахунок часу життя запущено…	Өмір сүру уақытын қайта есептеу басталды…
✓ Время жизни пересчитано для активных EventHead:	✓ Lifetime recalculated for active EventHeads:	✓ Lebensdauer für aktive EventHeads neu berechnet:	✓ Durée de vie recalculée pour les EventHeads actifs :	✓ Tiempo de vida recalculado para los EventHeads activos:	✓ Przeliczono czas życia aktywnych EventHeads:	✓ Час життя перераховано для активних EventHead:	✓ Белсенді EventHead үшін өмір сүру уақыты қайта есептелді:
Настроенный предмет	Configured item	Konfiguriertes Item	Objet configuré	Objeto configurado	Skonfigurowany przedmiot	Налаштований предмет	Бапталған зат
взят в курсор.	picked up on the cursor.	in den Cursor genommen.	pris sur le curseur.	tomado en el cursor.	wzięto na kursor.	взято на курсор.	меңзерге алынды.
выдан в инвентарь.	given to your inventory.	in dein Inventar gegeben.	donné dans votre inventaire.	entregado en tu inventario.	wydano do ekwipunku.	видано в інвентар.	инвентарьға берілді.
Нельзя изменять права равной или более высокой роли.	You can't change permissions of an equal or higher role.	Du kannst die Berechtigungen einer gleichen oder höheren Rolle nicht ändern.	Vous ne pouvez pas modifier les permissions d'un rôle égal ou supérieur.	No puedes cambiar los permisos de un rol igual o superior.	Nie możesz zmieniać uprawnień równej lub wyższej roli.	Не можна змінювати права рівної або вищої ролі.	Тең немесе жоғары рөлдің рұқсаттарын өзгертуге болмайды.
Участник	Member	Mitglied	Membre	Miembro	Członek	Учасник	Қатысушы
нажмите ПКМ по нему ещё раз в течение 10 секунд.	right-click it again within 10 seconds.	klicke innerhalb von 10 Sekunden erneut mit Rechtsklick darauf.	faites de nouveau un clic droit dessus dans les 10 secondes.	haz clic derecho de nuevo sobre él en un plazo de 10 segundos.	kliknij go prawym przyciskiem ponownie w ciągu 10 sekund.	натисніть по ньому ПКМ ще раз протягом 10 секунд.	10 секунд ішінде оны тағы бір рет тінтуірдің оң жақ түймесімен басыңыз.
удалён из EventHeads.	removed from EventHeads.	aus EventHeads entfernt.	retiré d'EventHeads.	eliminado de EventHeads.	usunięty z EventHeads.	видалено з EventHeads.	EventHeads-тен жойылды.
⚠ Для удаления участника	⚠ To delete the member	⚠ Zum Entfernen des Mitglieds	⚠ Pour supprimer le membre	⚠ Para eliminar al miembro	⚠ Aby usunąć członka	⚠ Для видалення учасника	⚠ Қатысушыны жою үшін
/eh role add <игрок>	/eh role add <player>	/eh role add <Spieler>	/eh role add <joueur>	/eh role add <jugador>	/eh role add <gracz>	/eh role add <гравець>	/eh role add <ойыншы>
/eventheads role add <игрок>	/eventheads role add <player>	/eventheads role add <Spieler>	/eventheads role add <joueur>	/eventheads role add <jugador>	/eventheads role add <gracz>	/eventheads role add <гравець>	/eventheads role add <ойыншы>
Коротко:	Short:	Kurz:	En bref :	Corto:	Skrótowo:	Коротко:	Қысқаша:
Чтобы добавить человека в эту роль, используйте:	To add a person to this role, use:	Um eine Person zu dieser Rolle hinzuzufügen, verwende:	Pour ajouter une personne à ce rôle, utilisez :	Para añadir a una persona a este rol, usa:	Aby dodać osobę do tej roli, użyj:	Щоб додати людину до цієї ролі, використовуйте:	Адамды осы рөлге қосу үшін мынаны пайдаланыңыз:
Нет места в инвентаре.	No space in your inventory.	Kein Platz im Inventar.	Pas de place dans l'inventaire.	No hay espacio en el inventario.	Brak miejsca w ekwipunku.	Немає місця в інвентарі.	Инвентарьде орын жоқ.
Тип частиц выбран:	Particle type selected:	Partikeltyp ausgewählt:	Type de particule sélectionné :	Tipo de partícula seleccionado:	Wybrano typ cząsteczek:	Тип частинок вибрано:	Бөлшек түрі таңдалды:
Центр постановки точек сброшен:	Point placement center reset:	Zentrum der Punktplatzierung zurückgesetzt:	Centre de placement des points réinitialisé :	Centro de colocación de puntos restablecido:	Zresetowano środek stawiania punktów:	Центр встановлення точок скинуто:	Нүктелерді орнату орталығы қалпына келтірілді:
✓ Ваша точка удалена.	✓ Your point was deleted.	✓ Dein Punkt wurde gelöscht.	✓ Votre point a été supprimé.	✓ Tu punto se ha eliminado.	✓ Twój punkt został usunięty.	✓ Вашу точку видалено.	✓ Нүктеңіз жойылды.
✓ Глобальная лапка чёрного списка выдана.	✓ Global blacklist foot given.	✓ Globale Sperrlisten-Pfote ausgegeben.	✓ Patte de la liste noire globale donnée.	✓ Pata de la lista negra global entregada.	✓ Wydano łapkę globalnej czarnej listy.	✓ Загальну лапку чорного списку видано.	✓ Ортақ қара тізім табаны берілді.
✓ Инструмент точки выдан:	✓ Point tool given:	✓ Punktwerkzeug ausgegeben:	✓ Outil de point donné :	✓ Herramienta de punto entregada:	✓ Wydano narzędzie punktu:	✓ Інструмент точки видано:	✓ Нүкте құралы берілді:
у вашей роли нет доступа к точкам.	your role has no access to points.	deine Rolle hat keinen Zugriff auf Punkte.	votre rôle n'a pas accès aux points.	tu rol no tiene acceso a los puntos.	Twoja rola nie ma dostępu do punktów.	у вашої ролі немає доступу до точок.	рөліңіздің нүктелерге қолжетімділігі жоқ.
✓ Лапка привязана к событию:	✓ Foot bound to event:	✓ Pfote mit Event verknüpft:	✓ Patte associée à l'événement :	✓ Pata vinculada al evento:	✓ Łapka powiązana z wydarzeniem:	✓ Лапку прив'язано до події:	✓ Табан ивентке байланды:
Режим спавна изменён на:	Spawn mode changed to:	Spawn-Modus geändert zu:	Mode d'apparition changé en :	Modo de aparición cambiado a:	Tryb pojawiania się zmieniono na:	Режим спавну змінено на:	Спавн режимі мынаған өзгертілді:
Тестовый спавн невозможен: место не соответствует настройкам.	Test spawn is impossible: the location does not match the settings.	Test-Spawn nicht möglich: Der Ort entspricht nicht den Einstellungen.	L'apparition de test est impossible : l'emplacement ne correspond pas aux paramètres.	La aparición de prueba es imposible: la ubicación no cumple los ajustes.	Test pojawienia się jest niemożliwy: miejsce nie spełnia ustawień.	Тестовий спавн неможливий: місце не відповідає налаштуванням.	Сынақ спавны мүмкін емес: орын баптауларға сәйкес келмейді.
Тестовый спавн успешен.	Test spawn succeeded.	Test-Spawn erfolgreich.	Apparition de test réussie.	Aparición de prueba correcta.	Test pojawienia się zakończony sukcesem.	Тестовий спавн успішний.	Сынақ спавны сәтті өтті.
-> очищено	-> cleared	-> geleert	-> vidé	-> borrado	-> wyczyszczono	-> очищено	-> тазартылды
-> сброшено:	-> reset:	-> zurückgesetzt:	-> réinitialisé :	-> restablecido:	-> zresetowano:	-> скинуто:	-> нөлге қайтарылды:
Сохранено.	Saved.	Gespeichert.	Enregistré.	Guardado.	Zapisano.	Збережено.	Сақталды.
Для удаления используйте:	To delete, use:	Zum Löschen verwende:	Pour supprimer, utilisez :	Para eliminar, usa:	Aby usunąć, użyj:	Для видалення використовуйте:	Жою үшін мынаны пайдаланыңыз:
Ивенты • Просмотр	Events • View	Events • Ansicht	Événements • Affichage	Eventos • Vista	Wydarzenia • Podgląd	Івенти • Перегляд	Ивенттер • Қарау
Ивенты • Создание	Events • Create	Events • Erstellen	Événements • Création	Eventos • Crear	Wydarzenia • Tworzenie	Івенти • Створення	Ивенттер • Жасау
Ивенты • Настройки	Events • Settings	Events • Einstellungen	Événements • Paramètres	Eventos • Ajustes	Wydarzenia • Ustawienia	Івенти • Налаштування	Ивенттер • Баптаулар
Ивенты • Удаление	Events • Delete	Events • Löschen	Événements • Suppression	Eventos • Eliminar	Wydarzenia • Usuwanie	Івенти • Видалення	Ивенттер • Жою
Спавн • Управление	Spawn • Control	Spawn • Steuerung	Apparition • Contrôle	Aparición • Control	Pojawianie się • Zarządzanie	Спавн • Керування	Спавн • Басқару
Точки • Свои	Points • Own	Punkte • Eigene	Points • Les vôtres	Puntos • Propios	Punkty • Własne	Точки • Свої	Нүктелер • Өз нүктелер
Точки • Все	Points • All	Punkte • Alle	Points • Tous	Puntos • Todos	Punkty • Wszystkie	Точки • Усі	Нүктелер • Барлығы
Выдача	Give	Ausgabe	Distribution	Entrega	Wydawanie	Видача	Беру
Системные настройки	System settings	Systemeinstellungen	Paramètres système	Ajustes del sistema	Ustawienia systemowe	Системні налаштування	Жүйе баптаулары
Тестовый спавн	Test spawn	Test-Spawn	Apparition de test	Aparición de prueba	Test pojawienia się	Тестовий спавн	Сынақ спавны
Принудительное снятие	Forced removal	Erzwungenes Entfernen	Retrait forcé	Retirada forzada	Wymuszone usunięcie	Примусове зняття	Мәжбүрлі алу
Предмет EventHead	EventHead item	EventHead-Item	Objet EventHead	Objeto EventHead	Przedmiot EventHead	Предмет EventHead	EventHead заты
Импорт	Import	Import	Importation	Importar	Import	Імпорт	Импорт
Anti-ESP уведомления	Anti-ESP notifications	Anti-ESP-Benachrichtigungen	Notifications Anti-ESP	Notificaciones de Anti-ESP	Powiadomienia Anti-ESP	Сповіщення Anti-ESP	Anti-ESP хабарландырулары
Шаблоны	Templates	Vorlagen	Modèles	Plantillas	Szablony	Шаблони	Үлгілер
Страница:	Page:	Seite:	Page :	Página:	Strona:	Сторінка:	Бет:
Вернуться на предыдущий экран.	Return to the previous screen.	Zum vorherigen Bildschirm zurückkehren.	Revenir à l'écran précédent.	Volver a la pantalla anterior.	Wróć do poprzedniego ekranu.	Повернутися на попередній екран.	Алдыңғы экранға оралу.
← Назад	← Back	← Zurück	← Retour	← Atrás	← Wstecz	← Назад	← Артқа
Закрыть меню.	Close the menu.	Menü schließen.	Fermer le menu.	Cerrar el menú.	Zamknij menu.	Закрити меню.	Мәзірді жабу.
Центр управления	Control center	Kontrollzentrum	Centre de contrôle	Centro de control	Centrum sterowania	Центр керування	Басқару орталығы
Доступны только операции с точками.	Only point operations are available.	Es sind nur Punkt-Operationen verfügbar.	Seules les opérations sur les points sont disponibles.	Solo están disponibles las operaciones con puntos.	Dostępne są tylko operacje na punktach.	Доступні лише операції з точками.	Тек нүктелермен жұмыс әрекеттері қолжетімді.
Есть доступ к настройкам.	You have access to the settings.	Du hast Zugriff auf die Einstellungen.	Vous avez accès aux paramètres.	Tienes acceso a los ajustes.	Masz dostęp do ustawień.	Є доступ до налаштувань.	Баптауларға қолжетімділік бар.
Ивенты	Events	Events	Événements	Eventos	Wydarzenia	Івенти	Ивенттер
ЛКМ — открыть	LMB — open	Linksklick — öffnen	Clic gauche — ouvrir	Clic izq. — abrir	LPM — otwórz	ЛКМ — відкрити	СТБ — ашу
Список доступных ивентов.	List of available events.	Liste der verfügbaren Events.	Liste des événements disponibles.	Lista de eventos disponibles.	Lista dostępnych wydarzeń.	Список доступних івентів.	Қолжетімді ивенттер тізімі.
Внутри отображается сам предмет события.	The event item itself is shown inside.	Innen wird das Event-Item selbst angezeigt.	L'objet de l'événement s'affiche à l'intérieur.	Dentro se muestra el propio objeto del evento.	W środku wyświetlany jest sam przedmiot wydarzenia.	Всередині відображається сам предмет події.	Ішінде оқиғаның өз заты көрсетіледі.
Сборы по каждому событию.	Collections for each event.	Sammelstatistik pro Event.	Collectes pour chaque événement.	Recolecciones de cada evento.	Zebrania dla każdego wydarzenia.	Збори за кожною подією.	Әр оқиға бойынша жинақтар.
Игроки, роли, права и поиск.	Players, roles, permissions and search.	Spieler, Rollen, Berechtigungen und Suche.	Joueurs, rôles, permissions et recherche.	Jugadores, roles, permisos y búsqueda.	Gracze, role, uprawnienia i wyszukiwanie.	Гравці, ролі, права та пошук.	Ойыншылар, рөлдер, рұқсаттар және іздеу.
Назначение без OP через EventHeads/LuckPerms.	Assignment without OP via EventHeads/LuckPerms.	Zuweisung ohne OP über EventHeads/LuckPerms.	Attribution sans OP via EventHeads/LuckPerms.	Asignación sin OP mediante EventHeads/LuckPerms.	Przypisywanie bez OP przez EventHeads/LuckPerms.	Призначення без OP через EventHeads/LuckPerms.	EventHeads/LuckPerms арқылы OP-сіз тағайындау.
Сотрудники и роли	Staff and roles	Mitarbeiter und Rollen	Personnel et rôles	Personal y roles	Personel i role	Співробітники та ролі	Қызметкерлер мен рөлдер
Диагностика	Diagnostics	Diagnose	Diagnostic	Diagnóstico	Diagnostyka	Діагностика	Диагностика
Проверка состояния EventHeads и данных.	Check the state of EventHeads and its data.	Prüfe den Zustand von EventHeads und seinen Daten.	Vérifiez l'état d'EventHeads et de ses données.	Comprueba el estado de EventHeads y sus datos.	Sprawdź stan EventHeads i jego danych.	Перевірка стану EventHeads і даних.	EventHeads және оның деректерінің күйін тексеру.
ЛКМ — открыть список	LMB — open list	Linksklick — Liste öffnen	Clic gauche — ouvrir la liste	Clic izq. — abrir lista	LPM — otwórz listę	ЛКМ — відкрити список	СТБ — тізімді ашу
Можно менять шанс и удалять свои точки.	You can change the chance and delete your own points.	Du kannst die Chance ändern und deine eigenen Punkte löschen.	Vous pouvez modifier la chance et supprimer vos propres points.	Puedes cambiar la probabilidad y eliminar tus propios puntos.	Możesz zmieniać szansę i usuwać własne punkty.	Можна змінювати шанс і видаляти свої точки.	Ықтималдықты өзгертіп, өз нүктелеріңізді жоюға болады.
Только ваши точки EventHeads.	Only your EventHeads points.	Nur deine EventHeads-Punkte.	Uniquement vos points EventHeads.	Solo tus puntos de EventHeads.	Tylko Twoje punkty EventHeads.	Лише ваші точки EventHeads.	Тек сіздің EventHeads нүктелеріңіз.
Анти-ESP приманки	Anti-ESP decoys	Anti-ESP-Köder	Leurres Anti-ESP	Señuelos Anti-ESP	Wabiki Anti-ESP	Anti-ESP приманки	Anti-ESP жемдері
Глобальные настройки ложных стоек.	Global settings for decoy stands.	Globale Einstellungen für Köder-Ständer.	Paramètres globaux des supports leurres.	Ajustes globales de los soportes señuelo.	Globalne ustawienia stojaków-wabików.	Глобальні налаштування фальшивих стійок.	Жалған тіреуіштердің жалпы баптаулары.
Количество, радиус, задержка, время жизни.	Amount, radius, delay, lifetime.	Anzahl, Radius, Verzögerung, Lebensdauer.	Quantité, rayon, délai, durée de vie.	Cantidad, radio, retraso, tiempo de vida.	Ilość, promień, opóźnienie, czas życia.	Кількість, радіус, затримка, час життя.	Саны, радиус, кідіріс, өмір сүру уақыты.
ЛКМ — настроить	LMB — configure	Linksklick — konfigurieren	Clic gauche — configurer	Clic izq. — configurar	LPM — skonfiguruj	ЛКМ — налаштувати	СТБ — баптау
Журнал действий	Action log	Aktionsprotokoll	Journal des actions	Registro de acciones	Dziennik działań	Журнал дій	Әрекеттер журналы
Кто и что менял в EventHeads.	Who changed what in EventHeads.	Wer was in EventHeads geändert hat.	Qui a modifié quoi dans EventHeads.	Quién cambió qué en EventHeads.	Kto i co zmienił w EventHeads.	Хто і що змінював в EventHeads.	EventHeads-те кім не өзгерткені.
Открывается только в GUI.	Opens only in the GUI.	Öffnet sich nur in der GUI.	S'ouvre uniquement dans l'interface.	Se abre solo en la GUI.	Otwiera się tylko w GUI.	Відкривається лише в GUI.	Тек GUI-де ашылады.
Можно быстро создать готовую конфигурацию.	You can quickly create a ready-made configuration.	Du kannst schnell eine fertige Konfiguration erstellen.	Vous pouvez créer rapidement une configuration prête à l'emploi.	Puedes crear rápidamente una configuración lista para usar.	Możesz szybko utworzyć gotową konfigurację.	Можна швидко створити готову конфігурацію.	Дайын конфигурацияны тез жасауға болады.
Пасха, зима, ярмарка, поиск.	Easter, winter, fair, hunt.	Ostern, Winter, Jahrmarkt, Suche.	Pâques, hiver, foire, chasse.	Pascua, invierno, feria, búsqueda.	Wielkanoc, zima, jarmark, poszukiwania.	Пасха, зима, ярмарок, пошук.	Пасха, қыс, жәрмеңке, іздеу.
Шаблоны ивентов	Event templates	Event-Vorlagen	Modèles d'événements	Plantillas de eventos	Szablony wydarzeń	Шаблони івентів	Ивент үлгілері
Все основные команды.	All the main commands.	Alle wichtigen Befehle.	Toutes les commandes principales.	Todos los comandos principales.	Wszystkie główne polecenia.	Усі основні команди.	Барлық негізгі пәрмендер.
Полная команда + короткая команда + пример.	Full command + short command + example.	Vollständiger Befehl + Kurzbefehl + Beispiel.	Commande complète + commande courte + exemple.	Comando completo + comando corto + ejemplo.	Pełne polecenie + krótkie polecenie + przykład.	Повна команда + коротка команда + приклад.	Толық пәрмен + қысқа пәрмен + мысал.
Справка	Help	Hilfe	Aide	Ayuda	Pomoc	Довідка	Анықтама
Как работать	How it works	So funktioniert es	Comment ça marche	Cómo funciona	Jak to działa	Як працювати	Қалай жұмыс істейді
Команды, права, точки, спавн и сбор EventHead.	Commands, permissions, points, spawning and collecting EventHead.	Befehle, Berechtigungen, Punkte, Spawn und Einsammeln von EventHead.	Commandes, permissions, points, apparition et ramassage d'EventHead.	Comandos, permisos, puntos, aparición y recogida de EventHead.	Polecenia, uprawnienia, punkty, pojawianie się i zbieranie EventHead.	Команди, права, точки, спавн і збір EventHead.	Пәрмендер, рұқсаттар, нүктелер, спавн және EventHead жинау.
ЛКМ — открыть справку	LMB — open help	Linksklick — Hilfe öffnen	Clic gauche — ouvrir l'aide	Clic izq. — abrir ayuda	LPM — otwórz pomoc	ЛКМ — відкрити довідку	СТБ — анықтаманы ашу
Пошаговая инструкция для модератора.	Step-by-step guide for a moderator.	Schritt-für-Schritt-Anleitung für Moderatoren.	Guide pas à pas pour un modérateur.	Guía paso a paso para un moderador.	Instrukcja krok po kroku dla moderatora.	Покрокова інструкція для модератора.	Модераторға арналған қадамдық нұсқаулық.
Когда событие началось и когда закончится.	When the event started and when it will end.	Wann das Event begonnen hat und wann es endet.	Quand l'événement a commencé et quand il se terminera.	Cuándo empezó el evento y cuándo terminará.	Kiedy wydarzenie się rozpoczęło i kiedy się skończy.	Коли подія почалася і коли закінчиться.	Оқиға қашан басталды және қашан аяқталады.
Статус событий.	Event status.	Event-Status.	État des événements.	Estado de los eventos.	Stan wydarzeń.	Статус подій.	Оқиғалар күйі.
Ложные стойки	Decoy stands	Köder-Ständer	Supports leurres	Soportes señuelo	Stojaki-wabiki	Фальшиві стійки	Жалған тіреуіштер
Количество	Amount	Anzahl	Quantité	Cantidad	Ilość	Кількість	Саны
Радиус	Radius	Radius	Rayon	Radio	Promień	Радіус	Радиус
Задержка повторного появления	Respawn delay	Verzögerung bis zum erneuten Erscheinen	Délai de réapparition	Retraso de reaparición	Opóźnienie ponownego pojawienia się	Затримка повторної появи	Қайта пайда болу кідірісі
Время жизни	Lifetime	Lebensdauer	Durée de vie	Tiempo de vida	Czas życia	Час життя	Өмір сүру уақыты
Закопанные и наземные срабатывания разделены.	Buried and surface triggers are counted separately.	Vergrabene und oberirdische Auslösungen werden getrennt gezählt.	Les déclenchements enterrés et en surface sont comptés séparément.	Las activaciones enterradas y en superficie se cuentan por separado.	Wyzwolenia zakopane i naziemne są liczone osobno.	Закопані та наземні спрацювання розділено.	Жерге көмілген және жер үсті іске қосылулар бөлек есептеледі.
Кто чаще всего взаимодействовал с ловушками.	Who interacted with the traps the most.	Wer am häufigsten mit den Fallen interagiert hat.	Qui a le plus interagi avec les pièges.	Quién ha interactuado más con las trampas.	Kto najczęściej wchodził w interakcję z pułapkami.	Хто найчастіше взаємодіяв із пастками.	Тұзақтармен кім жиі әрекеттескені.
Топ срабатываний	Top triggers	Top-Auslösungen	Top des déclenchements	Top de activaciones	Ranking wyzwoleń	Топ спрацювань	Ең көп іске қосылулар
Голова всегда наклонена вниз; награды нет.	The head is always tilted down; there is no reward.	Der Kopf ist immer nach unten geneigt; es gibt keine Belohnung.	La tête est toujours inclinée vers le bas ; il n'y a pas de récompense.	La cabeza siempre está inclinada hacia abajo; no hay recompensa.	Głowa jest zawsze pochylona w dół; nagrody nie ma.	Голова завжди нахилена вниз; нагороди немає.	Бас әрдайым төмен қарай еңкейген; сыйлық жоқ.
Как работают приманки	How decoys work	So funktionieren Köder	Comment fonctionnent les leurres	Cómo funcionan los señuelos	Jak działają wabiki	Як працюють приманки	Жемдер қалай жұмыс істейді
Ложные стойки появляются вокруг настоящего EventHead.	Decoy stands appear around the real EventHead.	Köder-Ständer erscheinen um den echten EventHead herum.	Des supports leurres apparaissent autour du véritable EventHead.	Los soportes señuelo aparecen alrededor del EventHead real.	Stojaki-wabiki pojawiają się wokół prawdziwego EventHead.	Фальшиві стійки з'являються навколо справжнього EventHead.	Жалған тіреуіштер нағыз EventHead айналасында пайда болады.
Настройки общие для всех событий.	The settings are shared by all events.	Die Einstellungen gelten für alle Events.	Les paramètres sont communs à tous les événements.	Los ajustes son comunes a todos los eventos.	Ustawienia są wspólne dla wszystkich wydarzeń.	Налаштування спільні для всіх подій.	Баптаулар барлық оқиғалар үшін ортақ.
Позиции случайные и меняются от цикла к циклу.	Positions are random and change from cycle to cycle.	Positionen sind zufällig und ändern sich von Zyklus zu Zyklus.	Les positions sont aléatoires et changent d'un cycle à l'autre.	Las posiciones son aleatorias y cambian de un ciclo a otro.	Pozycje są losowe i zmieniają się z cyklu na cykl.	Позиції випадкові й змінюються від циклу до циклу.	Орындар кездейсоқ және циклден циклге өзгеріп отырады.
Топ Anti-ESP	Anti-ESP top	Anti-ESP-Top	Top Anti-ESP	Top de Anti-ESP	Ranking Anti-ESP	Топ Anti-ESP	Anti-ESP топы
Всего срабатываний:	Total triggers:	Auslösungen insgesamt:	Total des déclenchements :	Total de activaciones:	Wszystkich wyzwoleń:	Усього спрацювань:	Барлық іске қосылулар:
Закопанные:	Buried:	Vergraben:	Enterrés :	Enterrados:	Zakopane:	Закопані:	Көмілген:
Наземные/воздушные:	Surface/aerial:	Oberirdisch/Luft:	En surface/aériens :	En superficie/aéreos:	Naziemne/powietrzne:	Наземні/повітряні:	Жер үсті/әуедегі:
Последнее:	Latest:	Zuletzt:	Dernier :	Último:	Ostatnie:	Останнє:	Соңғысы:
Игроки ещё не срабатывали на ловушках.	Players haven't triggered any traps yet.	Spieler haben noch keine Fallen ausgelöst.	Les joueurs n'ont encore déclenché aucun piège.	Los jugadores aún no han activado ninguna trampa.	Gracze nie uruchomili jeszcze żadnych pułapek.	Гравці ще не спрацьовували на пастки.	Ойыншылар әлі тұзақтарды іске қосқан жоқ.
Пока нет данных	No data yet	Noch keine Daten	Aucune donnée pour le moment	Aún no hay datos	Brak danych	Поки немає даних	Әзірге деректер жоқ
Вернуться к Anti-ESP настройкам.	Return to the Anti-ESP settings.	Zurück zu den Anti-ESP-Einstellungen.	Revenir aux paramètres Anti-ESP.	Volver a los ajustes de Anti-ESP.	Wróć do ustawień Anti-ESP.	Повернутися до налаштувань Anti-ESP.	Anti-ESP баптауларына оралу.
1. Создайте ивент	1. Create an event	1. Erstelle ein Event	1. Créez un événement	1. Crea un evento	1. Utwórz wydarzenie	1. Створіть івент	1. Ивент жасаңыз
Откройте «Ивенты» → «Создать ивент».	Open "Events" → "Create event".	Öffne „Events“ → „Event erstellen“.	Ouvrez « Événements » → « Créer un événement ».	Abre «Eventos» → «Crear evento».	Otwórz „Wydarzenia” → „Utwórz wydarzenie”.	Відкрийте «Івенти» → «Створити івент».	«Ивенттер» → «Ивент жасау» бөлімін ашыңыз.
Получите готовый шаблон.	Get a ready-made template.	Erhalte eine fertige Vorlage.	Obtenez un modèle prêt à l'emploi.	Obtén una plantilla lista para usar.	Otrzymasz gotowy szablon.	Отримайте готовий шаблон.	Дайын үлгіні алыңыз.
2. Настройте спавн	2. Configure spawning	2. Spawn einrichten	2. Configurez l'apparition	2. Configura la aparición	2. Skonfiguruj pojawianie się	2. Налаштуйте спавн	2. Спавнды баптаңыз
Выберите RANDOM, POINTS или MIXED.	Choose RANDOM, POINTS or MIXED.	Wähle RANDOM, POINTS oder MIXED.	Choisissez RANDOM, POINTS ou MIXED.	Elige RANDOM, POINTS o MIXED.	Wybierz RANDOM, POINTS lub MIXED.	Виберіть RANDOM, POINTS або MIXED.	RANDOM, POINTS немесе MIXED таңдаңыз.
Добавьте точки или регион WorldGuard.	Add points or a WorldGuard region.	Füge Punkte oder eine WorldGuard-Region hinzu.	Ajoutez des points ou une région WorldGuard.	Añade puntos o una región de WorldGuard.	Dodaj punkty lub region WorldGuard.	Додайте точки або регіон WorldGuard.	Нүктелерді немесе WorldGuard аймағын қосыңыз.
3. Настройте награду	3. Configure the reward	3. Belohnung einrichten	3. Configurez la récompense	3. Configura la recompensa	3. Skonfiguruj nagrodę	3. Налаштуйте нагороду	3. Сыйлықты баптаңыз
Для экономики используйте Vault + экономический плагин.	For the economy, use Vault + an economy plugin.	Für die Wirtschaft verwende Vault + ein Wirtschafts-Plugin.	Pour l'économie, utilisez Vault + un plugin d'économie.	Para la economía, usa Vault + un plugin de economía.	Do ekonomii użyj Vault + pluginu ekonomii.	Для економіки використовуйте Vault + економічний плагін.	Экономика үшін Vault + экономика плагинін пайдаланыңыз.
Укажите минимум и максимум монет.	Specify the minimum and maximum amount of coins.	Gib die minimale und maximale Münzanzahl an.	Indiquez le minimum et le maximum de pièces.	Indica el mínimo y el máximo de monedas.	Podaj minimalną i maksymalną liczbę monet.	Вкажіть мінімум і максимум монет.	Монеталардың ең аз және ең көп санын көрсетіңіз.
4. Настройте анимацию	4. Configure the animation	4. Animation einrichten	4. Configurez l'animation	4. Configura la animación	4. Skonfiguruj animację	4. Налаштуйте анімацію	4. Анимацияны баптаңыз
Для цветов выбирайте DUST и задавайте HEX.	For colors, choose DUST and set HEX.	Für Farben wähle DUST und lege HEX fest.	Pour les couleurs, choisissez DUST et définissez le HEX.	Para los colores, elige DUST y define el HEX.	Dla kolorów wybierz DUST i ustaw HEX.	Для кольорів вибирайте DUST і задавайте HEX.	Түстер үшін DUST таңдап, HEX көрсетіңіз.
Тип частиц выбирается кликом.	The particle type is selected by clicking.	Der Partikeltyp wird per Klick ausgewählt.	Le type de particule se choisit d'un clic.	El tipo de partícula se elige con un clic.	Typ cząsteczek wybiera się kliknięciem.	Тип частинок вибирається кліком.	Бөлшек түрі басу арқылы таңдалады.
5. Поставьте точки	5. Place points	5. Punkte setzen	5. Placez des points	5. Coloca puntos	5. Postaw punkty	5. Поставте точки	5. Нүктелерді орнатыңыз
Можно привязать сразу несколько ивентов к одной шкурке.	You can bind several events to a single hide at once.	Du kannst mehrere Events gleichzeitig an ein einzelnes Fell binden.	Vous pouvez associer plusieurs événements à une même peau à la fois.	Puedes vincular varios eventos a un mismo cuero a la vez.	Możesz powiązać kilka wydarzeń z jedną skórką jednocześnie.	Можна прив'язати одразу кілька івентів до однієї шкурки.	Бір терінің өзіне бірден бірнеше ивентті байлауға болады.
Получите инструмент точек.	Get the point tool.	Erhalte das Punktwerkzeug.	Obtenez l'outil de points.	Obtén la herramienta de puntos.	Otrzymasz narzędzie punktów.	Отримайте інструмент точок.	Нүкте құралын алыңыз.
6. Чёрный список	6. Blacklist	6. Sperrliste	6. Liste noire	6. Lista negra	6. Czarna lista	6. Чорний список	6. Қара тізім
Лапка умеет блокировать место	The foot can block a location	Die Pfote kann einen Ort sperren	La patte peut bloquer un emplacement	La pata puede bloquear una ubicación	Łapka potrafi zablokować miejsce	Лапка вміє блокувати місце	Табан орынды бұғаттай алады
для одного или нескольких событий.	for one or several events.	für ein oder mehrere Events.	pour un ou plusieurs événements.	para uno o varios eventos.	dla jednego lub kilku wydarzeń.	для однієї або кількох подій.	бір немесе бірнеше оқиға үшін.
7. Проверьте спавн	7. Check spawning	7. Spawn prüfen	7. Vérifiez l'apparition	7. Comprueba la aparición	7. Sprawdź pojawianie się	7. Перевірте спавн	7. Спавнды тексеріңіз
Диагностика покажет причину отказа.	Diagnostics will show the reason for a refusal.	Die Diagnose zeigt den Grund für eine Ablehnung.	Le diagnostic indiquera la raison d'un refus.	El diagnóstico mostrará el motivo de un rechazo.	Diagnostyka pokaże przyczynę odmowy.	Діагностика покаже причину відмови.	Диагностика бас тартудың себебін көрсетеді.
Используйте «Тест спавна».	Use "Test spawn".	Verwende „Test-Spawn“.	Utilisez « Apparition de test ».	Usa «Aparición de prueba».	Użyj „Test pojawienia się”.	Використовуйте «Тест спавну».	«Сынақ спавны» пайдаланыңыз.
8. Сохранение и перенос	8. Saving and transfer	8. Speichern und Übertragen	8. Sauvegarde et transfert	8. Guardado y traslado	8. Zapis i przenoszenie	8. Збереження та перенесення	8. Сақтау және көшіру
На другом сервере импортируйте тот же файл.	On the other server, import the same file.	Importiere dieselbe Datei auf dem anderen Server.	Sur l'autre serveur, importez le même fichier.	En el otro servidor, importa el mismo archivo.	Na drugim serwerze zaimportuj ten sam plik.	На іншому сервері імпортуйте той самий файл.	Басқа серверде сол файлды импорттаңыз.
Экспортируйте ивент в YAML.	Export the event to YAML.	Exportiere das Event nach YAML.	Exportez l'événement en YAML.	Exporta el evento a YAML.	Wyeksportuj wydarzenie do YAML.	Експортуйте івент у YAML.	Ивентті YAML-ға экспорттаңыз.
Вернуться в главное меню.	Return to the main menu.	Zurück zum Hauptmenü.	Revenir au menu principal.	Volver al menú principal.	Wróć do menu głównego.	Повернутися до головного меню.	Басты мәзірге оралу.
Открывает подробную справку.	Opens the detailed help.	Öffnet die ausführliche Hilfe.	Ouvre l'aide détaillée.	Abre la ayuda detallada.	Otwiera szczegółową pomoc.	Відкриває детальну довідку.	Толық анықтаманы ашады.
Полезно для любого сотрудника.	Useful for any staff member.	Nützlich für jeden Mitarbeiter.	Utile pour tout membre du personnel.	Útil para cualquier miembro del personal.	Przydatne dla każdego pracownika.	Корисно для будь-якого співробітника.	Кез келген қызметкерге пайдалы.
Открывает главное меню EventHeads.	Opens the EventHeads main menu.	Öffnet das EventHeads-Hauptmenü.	Ouvre le menu principal d'EventHeads.	Abre el menú principal de EventHeads.	Otwiera menu główne EventHeads.	Відкриває головне меню EventHeads.	EventHeads басты мәзірін ашады.
Центр управления плагином.	Plugin control center.	Kontrollzentrum des Plugins.	Centre de contrôle du plugin.	Centro de control del plugin.	Centrum sterowania pluginem.	Центр керування плагіном.	Плагинді басқару орталығы.
Можно открыть редактор ПКМ.	You can open the editor with RMB.	Du kannst den Editor per Rechtsklick öffnen.	Vous pouvez ouvrir l'éditeur avec un clic droit.	Puedes abrir el editor con clic derecho.	Możesz otworzyć edytor PPM.	Можна відкрити редактор ПКМ.	Редакторды тінтуірдің оң жақ түймесімен ашуға болады.
Показывает список созданных событий.	Shows the list of created events.	Zeigt die Liste der erstellten Events.	Affiche la liste des événements créés.	Muestra la lista de eventos creados.	Pokazuje listę utworzonych wydarzeń.	Показує список створених подій.	Жасалған оқиғалар тізімін көрсетеді.
Создаёт новый шаблон события и сразу открывает редактор.	Creates a new event template and immediately opens the editor.	Erstellt eine neue Event-Vorlage und öffnet sofort den Editor.	Crée un nouveau modèle d'événement et ouvre immédiatement l'éditeur.	Crea una nueva plantilla de evento y abre el editor de inmediato.	Tworzy nowy szablon wydarzenia i od razu otwiera edytor.	Створює новий шаблон події та одразу відкриває редактор.	Жаңа оқиға үлгісін жасап, редакторды бірден ашады.
Создаёт событие halloween.	Creates the halloween event.	Erstellt das Event halloween.	Crée l'événement halloween.	Crea el evento halloween.	Tworzy wydarzenie halloween.	Створює подію halloween.	halloween оқиғасын жасайды.
Настройки разделены на Общие, Спавн, Награды, Анимация и Расписание.	The settings are divided into General, Spawn, Rewards, Animation and Schedule.	Die Einstellungen sind in Allgemein, Spawn, Belohnungen, Animation und Zeitplan unterteilt.	Les paramètres sont répartis en Général, Apparition, Récompenses, Animation et Planning.	Los ajustes se dividen en General, Aparición, Recompensas, Animación y Horario.	Ustawienia są podzielone na Ogólne, Pojawianie się, Nagrody, Animacja i Harmonogram.	Налаштування поділено на Загальні, Спавн, Нагороди, Анімація та Розклад.	Баптаулар Жалпы, Спавн, Сыйлықтар, Анимация және Кесте болып бөлінген.
Открывает редактор выбранного события.	Opens the editor of the selected event.	Öffnet den Editor des gewählten Events.	Ouvre l'éditeur de l'événement sélectionné.	Abre el editor del evento seleccionado.	Otwiera edytor wybranego wydarzenia.	Відкриває редактор вибраної події.	Таңдалған оқиғаның редакторын ашады.
Включает режим постановки точек. Одна шкурка может быть привязана к нескольким событиям.	Enables point placement mode. One hide can be bound to several events.	Aktiviert den Punkt-Platzierungsmodus. Ein Fell kann an mehrere Events gebunden werden.	Active le mode de placement de points. Une peau peut être associée à plusieurs événements.	Activa el modo de colocación de puntos. Un cuero puede vincularse a varios eventos.	Włącza tryb stawiania punktów. Jedna skórka może być powiązana z kilkoma wydarzeniami.	Вмикає режим встановлення точок. Одна шкурка може бути прив'язана до кількох подій.	Нүктелерді орнату режимін қосады. Бір тері бірнеше оқиғаға байлана алады.
Один клик поставит точку сразу двум событиям.	One click will place a point for two events at once.	Ein Klick setzt einen Punkt gleichzeitig für zwei Events.	Un clic placera un point pour deux événements à la fois.	Un clic colocará un punto para dos eventos a la vez.	Jedno kliknięcie postawi punkt dla dwóch wydarzeń naraz.	Один клік поставить точку одразу двом подіям.	Бір басу нүктені бірден екі оқиғаға қояды.
Удалит точку №2.	Will delete point #2.	Löscht Punkt Nr. 2.	Supprimera le point n° 2.	Eliminará el punto n.º 2.	Usunie punkt nr 2.	Видалить точку №2.	№2 нүктені жояды.
Удаляет точку по номеру.	Deletes a point by number.	Löscht einen Punkt anhand der Nummer.	Supprime un point par son numéro.	Elimina un punto por su número.	Usuwa punkt według numeru.	Видаляє точку за номером.	Нүктені нөмірі бойынша жояды.
Выключает режим постановки точек.	Turns off point placement mode.	Schaltet den Punkt-Platzierungsmodus aus.	Désactive le mode de placement de points.	Desactiva el modo de colocación de puntos.	Wyłącza tryb stawiania punktów.	Вимикає режим встановлення точок.	Нүктелерді орнату режимін өшіреді.
Шкурка после этого становится обычным предметом, если она не защищена.	After that, the hide becomes a regular item unless it is protected.	Danach wird das Fell zu einem normalen Item, sofern es nicht geschützt ist.	Ensuite, la peau devient un objet ordinaire, sauf si elle est protégée.	Después, el cuero se convierte en un objeto normal si no está protegido.	Potem skórka staje się zwykłym przedmiotem, jeśli nie jest chroniona.	Після цього шкурка стає звичайним предметом, якщо вона не захищена.	Осыдан кейін тері қорғалмаған болса, қарапайым затқа айналады.
WG = приват/регион WorldGuard.	WG = WorldGuard claim/region.	WG = WorldGuard-Grundstück/Region.	WG = terrain/région WorldGuard.	WG = terreno/región de WorldGuard.	WG = prywatny obszar/region WorldGuard.	WG = приват/регіон WorldGuard.	WG = WorldGuard привады/аймағы.
Добавляет WorldGuard-регион как допустимую область спавна.	Adds a WorldGuard region as a valid spawn area.	Fügt eine WorldGuard-Region als gültigen Spawn-Bereich hinzu.	Ajoute une région WorldGuard comme zone d'apparition valide.	Añade una región de WorldGuard como área de aparición válida.	Dodaje region WorldGuard jako dozwolony obszar pojawiania się.	Додає регіон WorldGuard як допустиму область спавну.	WorldGuard аймағын спавнның жарамды аумағы ретінде қосады.
Особенно полезно при POINTS/MIXED.	Especially useful with POINTS/MIXED.	Besonders nützlich bei POINTS/MIXED.	Particulièrement utile avec POINTS/MIXED.	Especialmente útil con POINTS/MIXED.	Szczególnie przydatne przy POINTS/MIXED.	Особливо корисно при POINTS/MIXED.	Әсіресе POINTS/MIXED кезінде пайдалы.
Проверяет, может ли событие найти место для спавна.	Checks whether the event can find a place to spawn.	Prüft, ob das Event einen Ort zum Spawnen finden kann.	Vérifie si l'événement peut trouver un endroit où apparaître.	Comprueba si el evento puede encontrar un lugar donde aparecer.	Sprawdza, czy wydarzenie może znaleźć miejsce do pojawienia się.	Перевіряє, чи може подія знайти місце для спавну.	Оқиғаның спавн үшін орын таба алатынын тексереді.
Внутри показывается предмет самого события.	The event's own item is shown inside.	Innen wird das Item des Events selbst angezeigt.	L'objet de l'événement lui-même s'affiche à l'intérieur.	Dentro se muestra el propio objeto del evento.	W środku wyświetlany jest przedmiot samego wydarzenia.	Всередині показується предмет самої події.	Ішінде оқиғаның өз заты көрсетіледі.
Открывает статистику конкретного события.	Opens the statistics of a specific event.	Öffnet die Statistik eines bestimmten Events.	Ouvre les statistiques d'un événement précis.	Abre las estadísticas de un evento concreto.	Otwiera statystyki konkretnego wydarzenia.	Відкриває статистику конкретної події.	Нақты оқиғаның статистикасын ашады.
Здесь можно искать игроков и назначать роли.	Here you can search for players and assign roles.	Hier kannst du Spieler suchen und Rollen zuweisen.	Ici, vous pouvez rechercher des joueurs et attribuer des rôles.	Aquí puedes buscar jugadores y asignar roles.	Tutaj możesz wyszukiwać graczy i przypisywać role.	Тут можна шукати гравців і призначати ролі.	Мұнда ойыншыларды іздеп, рөлдер тағайындауға болады.
Открывает сотрудников и роли.	Opens staff and roles.	Öffnet Mitarbeiter und Rollen.	Ouvre le personnel et les rôles.	Abre el personal y los roles.	Otwiera personel i role.	Відкриває співробітників і ролі.	Қызметкерлер мен рөлдерді ашады.
OP игроку не нужен.	The player does not need OP.	Der Spieler braucht kein OP.	Le joueur n'a pas besoin d'OP.	El jugador no necesita OP.	Gracz nie potrzebuje OP.	OP гравцю не потрібен.	Ойыншыға OP қажет емес.
Добавляет игрока в уже существующую роль.	Adds a player to an existing role.	Fügt einen Spieler zu einer vorhandenen Rolle hinzu.	Ajoute un joueur à un rôle existant.	Añade a un jugador a un rol existente.	Dodaje gracza do istniejącej roli.	Додає гравця до наявної ролі.	Ойыншыны бар рөлге қосады.
/eventheads role create helperplus Помощник 45 view,points,give,test	/eventheads role create helperplus Helper 45 view,points,give,test	/eventheads role create helperplus Helfer 45 view,points,give,test	/eventheads role create helperplus Assistant 45 view,points,give,test	/eventheads role create helperplus Ayudante 45 view,points,give,test	/eventheads role create helperplus Pomocnik 45 view,points,give,test	/eventheads role create helperplus Помічник 45 view,points,give,test	/eventheads role create helperplus Көмекші 45 view,points,give,test
Для сложного набора прав удобнее использовать GUI-конструктор.	For a complex set of permissions, the GUI builder is more convenient.	Für einen komplexen Berechtigungssatz ist der GUI-Editor bequemer.	Pour un ensemble complexe de permissions, le constructeur GUI est plus pratique.	Para un conjunto complejo de permisos, es más cómodo usar el constructor de la GUI.	Do złożonego zestawu uprawnień wygodniej użyć konstruktora GUI.	Для складного набору прав зручніше використовувати GUI-конструктор.	Күрделі рұқсаттар жиыны үшін GUI құрастырушысын пайдалану ыңғайлырақ.
Создаёт кастомную роль вручную.	Creates a custom role manually.	Erstellt manuell eine benutzerdefinierte Rolle.	Crée manuellement un rôle personnalisé.	Crea un rol personalizado manualmente.	Ręcznie tworzy własną rolę.	Створює власну роль вручну.	Жеке рөлді қолмен жасайды.
Файл попадает в plugins/EventHeads/exports/.	The file goes to plugins/EventHeads/exports/.	Die Datei landet in plugins/EventHeads/exports/.	Le fichier est placé dans plugins/EventHeads/exports/.	El archivo se guarda en plugins/EventHeads/exports/.	Plik trafia do plugins/EventHeads/exports/.	Файл потрапляє до plugins/EventHeads/exports/.	Файл plugins/EventHeads/exports/ ішіне түседі.
Экспортирует настройки, точки, блокировки и визуальный предмет.	Exports settings, points, blocks and the visual item.	Exportiert Einstellungen, Punkte, Sperren und das visuelle Item.	Exporte les paramètres, les points, les blocages et l'objet visuel.	Exporta los ajustes, los puntos, los bloqueos y el objeto visual.	Eksportuje ustawienia, punkty, blokady i przedmiot wizualny.	Експортує налаштування, точки, блокування та візуальний предмет.	Баптауларды, нүктелерді, бұғаттауларды және көрнекі затты экспорттайды.
Импортирует ранее экспортированный YAML.	Imports a previously exported YAML.	Importiert ein zuvor exportiertes YAML.	Importe un YAML précédemment exporté.	Importa un YAML exportado anteriormente.	Importuje wcześniej wyeksportowany plik YAML.	Імпортує раніше експортований YAML.	Бұрын экспортталған YAML файлын импорттайды.
Удобно для переноса на другой сервер.	Convenient for moving to another server.	Praktisch für den Umzug auf einen anderen Server.	Pratique pour le transfert vers un autre serveur.	Cómodo para trasladarlo a otro servidor.	Wygodne do przeniesienia na inny serwer.	Зручно для перенесення на інший сервер.	Басқа серверге көшіруге ыңғайлы.
Команда специально НЕ выводит список всех плагинов сервера.	The command deliberately does NOT list all the server's plugins.	Der Befehl listet absichtlich NICHT alle Plugins des Servers auf.	La commande n'affiche volontairement PAS la liste de tous les plugins du serveur.	El comando deliberadamente NO muestra la lista de todos los plugins del servidor.	Polecenie celowo NIE wyświetla listy wszystkich pluginów serwera.	Команда навмисно НЕ виводить список усіх плагінів сервера.	Пәрмен әдейі сервердегі барлық плагиндер тізімін шығармайды.
Показывает состояние EventHeads и его интеграций.	Shows the state of EventHeads and its integrations.	Zeigt den Zustand von EventHeads und seinen Integrationen.	Affiche l'état d'EventHeads et de ses intégrations.	Muestra el estado de EventHeads y sus integraciones.	Pokazuje stan EventHeads i jego integracji.	Показує стан EventHeads та його інтеграцій.	EventHeads және оның интеграцияларының күйін көрсетеді.
В личном сообщении staff видит только общий счётчик и последнюю точку.	In a private message, staff sees only the total counter and the last point.	In einer privaten Nachricht sieht das Team nur den Gesamtzähler und den letzten Punkt.	Dans un message privé, le personnel ne voit que le compteur total et le dernier point.	En un mensaje privado, el personal solo ve el contador total y el último punto.	W wiadomości prywatnej personel widzi tylko łączny licznik i ostatni punkt.	В особистому повідомленні staff бачить лише загальний лічильник і останню точку.	Жеке хабарламада қызметкер тек жалпы есептегіш пен соңғы нүктені көреді.
Показывает топ срабатываний Anti-ESP по общему количеству.	Shows the top Anti-ESP triggers by total count.	Zeigt die Anti-ESP-Top-Auslösungen nach Gesamtanzahl.	Affiche le top des déclenchements Anti-ESP par nombre total.	Muestra el top de activaciones de Anti-ESP por cantidad total.	Pokazuje ranking wyzwoleń Anti-ESP według łącznej liczby.	Показує топ спрацювань Anti-ESP за загальною кількістю.	Anti-ESP іске қосылуларының жалпы саны бойынша топты көрсетеді.
Можно отключить эти команды в config.yml.	You can disable these commands in config.yml.	Du kannst diese Befehle in der config.yml deaktivieren.	Vous pouvez désactiver ces commandes dans config.yml.	Puedes desactivar estos comandos en config.yml.	Możesz wyłączyć te polecenia w config.yml.	Ці команди можна вимкнути в config.yml.	Бұл пәрмендерді config.yml ішінде өшіруге болады.
Скрывает или показывает визуальные предметы Anti-ESP только для себя.	Hides or shows Anti-ESP visual items only for yourself.	Blendet Anti-ESP-Visual-Items nur für dich selbst aus oder ein.	Masque ou affiche les objets visuels Anti-ESP uniquement pour vous.	Oculta o muestra los objetos visuales de Anti-ESP solo para ti.	Ukrywa lub pokazuje wizualne przedmioty Anti-ESP tylko dla Ciebie.	Приховує або показує візуальні предмети Anti-ESP лише для себе.	Anti-ESP көрнекі заттарын тек өзіңіз үшін жасырады немесе көрсетеді.
Удаляет только кастомную роль после двойного подтверждения.	Deletes only a custom role after double confirmation.	Löscht nur eine benutzerdefinierte Rolle nach doppelter Bestätigung.	Supprime uniquement un rôle personnalisé après une double confirmation.	Elimina solo un rol personalizado tras una doble confirmación.	Usuwa tylko własną rolę po podwójnym potwierdzeniu.	Видаляє лише власну роль після подвійного підтвердження.	Тек жеке рөлді қос растаудан кейін жояды.
Проверка выполняется повторно перед удалением.	The check is performed again before deletion.	Die Prüfung wird vor dem Löschen erneut durchgeführt.	La vérification est effectuée de nouveau avant la suppression.	La comprobación se realiza de nuevo antes de eliminar.	Sprawdzenie jest wykonywane ponownie przed usunięciem.	Перевірка виконується повторно перед видаленням.	Тексеру жою алдында қайта орындалады.
Удаляет участника из EventHeads после двойного подтверждения.	Removes a member from EventHeads after double confirmation.	Entfernt ein Mitglied nach doppelter Bestätigung aus EventHeads.	Retire un membre d'EventHeads après une double confirmation.	Elimina a un miembro de EventHeads tras una doble confirmación.	Usuwa członka z EventHeads po podwójnym potwierdzeniu.	Видаляє учасника з EventHeads після подвійного підтвердження.	Қатысушыны қос растаудан кейін EventHeads-тен жояды.
Открывает состояние событий без выдачи доступа к редактору.	Opens the event status without granting access to the editor.	Öffnet den Event-Status, ohne Zugriff auf den Editor zu gewähren.	Ouvre l'état des événements sans donner accès à l'éditeur.	Abre el estado de los eventos sin dar acceso al editor.	Otwiera stan wydarzeń bez dostępu do edytora.	Відкриває стан подій без доступу до редактора.	Редакторға қолжетімділік бермей, оқиғалар күйін ашады.
Редактор расписания открывается только с правом schedule.	The schedule editor opens only with the schedule permission.	Der Zeitplan-Editor öffnet sich nur mit der Berechtigung schedule.	L'éditeur de planning ne s'ouvre qu'avec la permission schedule.	El editor de horario solo se abre con el permiso schedule.	Edytor harmonogramu otwiera się tylko z uprawnieniem schedule.	Редактор розкладу відкривається лише з правом schedule.	Кесте редакторы тек schedule рұқсатымен ашылады.
Используйте после ручной правки config.yml.	Use after manually editing config.yml.	Verwende dies nach dem manuellen Bearbeiten der config.yml.	À utiliser après une modification manuelle de config.yml.	Úsalo tras editar config.yml manualmente.	Użyj po ręcznej edycji config.yml.	Використовуйте після ручного редагування config.yml.	config.yml қолмен өңделгеннен кейін пайдаланыңыз.
Перечитывает конфигурацию и данные EventHeads.	Reloads the EventHeads configuration and data.	Lädt die EventHeads-Konfiguration und -Daten neu.	Recharge la configuration et les données d'EventHeads.	Vuelve a leer la configuración y los datos de EventHeads.	Ponownie wczytuje konfigurację i dane EventHeads.	Перечитує конфігурацію та дані EventHeads.	EventHeads конфигурациясы мен деректерін қайта оқиды.
Что делает:	What it does:	Was es macht:	Ce que ça fait :	Qué hace:	Co robi:	Що робить:	Не істейді:
Полная:	Full:	Vollständig:	Complète :	Completo:	Pełne:	Повна:	Толық:
Короткая:	Short:	Kurz:	Courte :	Corto:	Skrócone:	Коротка:	Қысқа:
ЛКМ — показать пример в чат	LMB — show an example in chat	Linksklick — Beispiel im Chat anzeigen	Clic gauche — afficher un exemple dans le chat	Clic izq. — mostrar un ejemplo en el chat	LPM — pokaż przykład na czacie	ЛКМ — показати приклад у чаті	СТБ — мысалды чатта көрсету
Точек:	Points:	Punkte:	Points :	Puntos:	Punkty:	Точок:	Нүктелер:
Чёрный список:	Blacklist:	Sperrliste:	Liste noire :	Lista negra:	Czarna lista:	Чорний список:	Қара тізім:
ЛКМ — получить EventHead	LMB — get EventHead	Linksklick — EventHead erhalten	Clic gauche — obtenir l'EventHead	Clic izq. — obtener EventHead	LPM — weź EventHead	ЛКМ — отримати EventHead	СТБ — EventHead алу
ПКМ — открыть настройки	RMB — open settings	Rechtsklick — Einstellungen öffnen	Clic droit — ouvrir les paramètres	Clic der. — abrir ajustes	PPM — otwórz ustawienia	ПКМ — відкрити налаштування	ОТБ — баптауларды ашу
ПКМ — мои точки этого ивента	RMB — my points for this event	Rechtsklick — meine Punkte für dieses Event	Clic droit — mes points pour cet événement	Clic der. — mis puntos de este evento	PPM — moje punkty tego wydarzenia	ПКМ — мої точки цього івенту	ОТБ — осы ивенттегі менің нүктелерім
Shift+ПКМ — статистика	Shift+RMB — statistics	Shift+Rechtsklick — Statistik	Maj+clic droit — statistiques	Mayús+clic der. — estadísticas	Shift+PPM — statystyki	Shift+ПКМ — статистика	Shift+ОТБ — статистика
Создать ивент	Create event	Event erstellen	Créer un événement	Crear evento	Utwórz wydarzenie	Створити івент	Ивент жасау
Создать новый ивент или шаблон прямо из меню.	Create a new event or template right from the menu.	Erstelle ein neues Event oder eine Vorlage direkt im Menü.	Créez un nouvel événement ou un modèle directement depuis le menu.	Crea un nuevo evento o plantilla directamente desde el menú.	Utwórz nowe wydarzenie lub szablon bezpośrednio z menu.	Створіть новий івент або шаблон прямо з меню.	Жаңа ивент немесе үлгіні тікелей мәзірден жасаңыз.
Доступные действия	Available actions	Verfügbare Aktionen	Actions disponibles	Acciones disponibles	Dostępne działania	Доступні дії	Қолжетімді әрекеттер
ЛКМ скрыто: нет права выдачи	LMB hidden: no permission to give	Linksklick ausgeblendet: keine Berechtigung zur Ausgabe	Clic gauche masqué : pas de permission de distribution	Clic izq. oculto: no hay permiso para entregar	LPM ukryte: brak uprawnień do wydawania	ЛКМ приховано: немає права видачі	СТБ жасырылған: беруге рұқсат жоқ
ПКМ — мои точки	RMB — my points	Rechtsklick — meine Punkte	Clic droit — mes points	Clic der. — mis puntos	PPM — moje punkty	ПКМ — мої точки	ОТБ — менің нүктелерім
ПКМ — настройки	RMB — settings	Rechtsklick — Einstellungen	Clic droit — paramètres	Clic der. — ajustes	PPM — ustawienia	ПКМ — налаштування	ОТБ — баптаулар
Статистика недоступна	Statistics unavailable	Statistik nicht verfügbar	Statistiques indisponibles	Estadísticas no disponibles	Statystyki niedostępne	Статистика недоступна	Статистика қолжетімсіз
Главное меню	Main menu	Hauptmenü	Menu principal	Menú principal	Menu główne	Головне меню	Басты мәзір
Источник только копируется во внешний вид EventHead.	The source is only copied into the appearance of EventHead.	Die Quelle wird nur in das Aussehen von EventHead kopiert.	La source est uniquement copiée dans l'apparence de l'EventHead.	La fuente solo se copia en la apariencia del EventHead.	Źródło jest tylko kopiowane do wyglądu EventHead.	Джерело лише копіюється у зовнішній вигляд EventHead.	Дереккөз тек EventHead сыртқы көрінісіне көшіріледі.
Исходная голова / предмет	Source head / item	Quell-Kopf / Item	Tête / objet source	Cabeza/objeto de origen	Głowa/przedmiot źródłowy	Джерельна голова / предмет	Бастапқы бас / зат
Нажмите здесь, затем ЛКМ по нужному предмету в инвентаре.	Click here, then LMB the item you want in your inventory.	Klicke hier, dann Linksklick auf das gewünschte Item im Inventar.	Cliquez ici, puis clic gauche sur l'objet voulu dans votre inventaire.	Haz clic aquí, luego clic izq. sobre el objeto deseado en tu inventario.	Kliknij tutaj, a następnie LPM na wybrany przedmiot w ekwipunku.	Натисніть тут, потім ЛКМ по потрібному предмету в інвентарі.	Мұнда басыңыз, содан кейін инвентарьдағы қажетті затты СТБ басыңыз.
Название администратора:	Administrator name:	Administrator-Name:	Nom administrateur :	Nombre de administrador:	Nazwa administratora:	Назва для адміністратора:	Әкімші атауы:
Название игрока:	Player name:	Spielername:	Nom joueur :	Nombre de jugador:	Nazwa gracza:	Назва для гравця:	Ойыншы атауы:
Создал:	Created by:	Erstellt von:	Créé par :	Creado por:	Utworzył:	Створив:	Жасаған:
Высота:	Height:	Höhe:	Hauteur :	Altura:	Wysokość:	Висота:	Биіктік:
Режим:	Mode:	Modus:	Mode :	Modo:	Tryb:	Режим:	Режим:
Точки:	Points:	Punkte:	Points :	Puntos:	Punkty:	Точки:	Нүктелер:
Шанс:	Chance:	Chance:	Chance :	Probabilidad:	Szansa:	Шанс:	Ықтималдық:
Диапазон:	Range:	Bereich:	Plage :	Rango:	Zakres:	Діапазон:	Диапазон:
Экономика подключается через Vault.	The economy connects through Vault.	Die Wirtschaft wird über Vault verbunden.	L'économie se connecte via Vault.	La economía se conecta a través de Vault.	Ekonomia łączy się przez Vault.	Економіка підключається через Vault.	Экономика Vault арқылы қосылады.
монет	coins	Münzen	pièces	monedas	monet	монет	монета
Звук:	Sound:	Sound:	Son :	Sonido:	Dźwięk:	Звук:	Дыбыс:
Типов:	Types:	Typen:	Types :	Tipos:	Typy:	Типів:	Түрлер:
глобальный	global	global	global	global	globalny	глобальний	жаһандық
Мир, время, погода, экипировка и предметы.	World, time, weather, equipment and items.	Welt, Zeit, Wetter, Ausrüstung und Items.	Monde, heure, météo, équipement et objets.	Mundo, hora, clima, equipamiento y objetos.	Świat, czas, pogoda, wyposażenie i przedmioty.	Світ, час, погода, екіпірування та предмети.	Әлем, уақыт, ауа райы, жабдық және заттар.
Дублировать ивент	Duplicate the event	Event duplizieren	Dupliquer l'événement	Duplicar el evento	Duplikuj wydarzenie	Дублювати івент	Ивентті көшіру
ЛКМ — выбрать ID копии	LMB — choose the copy's ID	Linksklick — ID der Kopie wählen	Clic gauche — choisir l'ID de la copie	Clic izq. — elegir el ID de la copia	LPM — wybierz ID kopii	ЛКМ — вибрати ID копії	СТБ — көшірме ID-ін таңдау
Создать копию всех настроек, точек, частиц и анимации.	Create a copy of all settings, points, particles and animation.	Erstelle eine Kopie aller Einstellungen, Punkte, Partikel und Animation.	Créer une copie de tous les paramètres, points, particules et animation.	Crea una copia de todos los ajustes, puntos, partículas y animación.	Utwórz kopię wszystkich ustawień, punktów, cząsteczek i animacji.	Створити копію всіх налаштувань, точок, частинок та анімації.	Барлық баптаулардың, нүктелердің, бөлшектердің және анимацияның көшірмесін жасау.
WorldGuard-регионы в GUI не поддерживаются.	WorldGuard regions are not supported in the GUI.	WorldGuard-Regionen werden in der GUI nicht unterstützt.	Les régions WorldGuard ne sont pas prises en charge dans l'interface.	Las regiones de WorldGuard no son compatibles en la GUI.	Regiony WorldGuard nie są obsługiwane w GUI.	Регіони WorldGuard у GUI не підтримуються.	WorldGuard аймақтары GUI-де қолдау таппайды.
Настройка выполняется через команды.	Configuration is done via commands.	Die Konfiguration erfolgt über Befehle.	La configuration se fait via des commandes.	La configuración se realiza mediante comandos.	Konfiguracja odbywa się przez polecenia.	Налаштування виконується через команди.	Баптау пәрмендер арқылы орындалады.
Открыть меню нельзя.	The menu cannot be opened.	Das Menü kann nicht geöffnet werden.	Le menu ne peut pas être ouvert.	El menú no se puede abrir.	Menu nie można otworzyć.	Меню відкрити не можна.	Мәзірді ашу мүмкін емес.
Раздел временно отключён.	This section is temporarily disabled.	Dieser Bereich ist vorübergehend deaktiviert.	Cette section est temporairement désactivée.	Esta sección está temporalmente desactivada.	Ta sekcja jest tymczasowo wyłączona.	Розділ тимчасово вимкнено.	Бұл бөлім уақытша өшірілген.
Регионы — недоступно	Regions — unavailable	Regionen — nicht verfügbar	Régions — indisponible	Regiones — no disponible	Regiony — niedostępne	Регіони — недоступно	Аймақтар — қолжетімсіз
Точки и блокировки	Points and blocks	Punkte und Sperren	Points et blocages	Puntos y bloqueos	Punkty i blokady	Точки та блокування	Нүктелер мен бұғаттаулар
Активный спавн:	Active spawn:	Aktiver Spawn:	Apparition active :	Aparición activa:	Aktywne pojawianie się:	Активний спавн:	Белсенді спавн:
Ивент включён	Event enabled	Event aktiviert	Événement activé	Evento activado	Wydarzenie włączone	Івент увімкнено	Ивент қосулы
Ивент выключен	Event disabled	Event deaktiviert	Événement désactivé	Evento desactivado	Wydarzenie wyłączone	Івент вимкнено	Ивент өшірулі
Изменить автоматический спавн.	Toggle automatic spawning.	Automatisches Spawnen umschalten.	Basculer l'apparition automatique.	Alternar la aparición automática.	Przełącz automatyczne pojawianie się.	Перемкнути автоматичний спавн.	Автоматты спавнды ауыстыру.
запрещён	forbidden	verboten	interdit	prohibido	zabronione	заборонено	тыйым салынған
разрешён	allowed	erlaubt	autorisé	permitido	dozwolone	дозволено	рұқсат етілген
ЛКМ — выполнить тест	LMB — run the test	Linksklick — Test ausführen	Clic gauche — lancer le test	Clic izq. — ejecutar la prueba	LPM — uruchom test	ЛКМ — виконати тест	СТБ — сынақты орындау
Проверить текущие ограничения.	Check the current restrictions.	Prüfe die aktuellen Einschränkungen.	Vérifiez les restrictions actuelles.	Comprueba las restricciones actuales.	Sprawdź aktualne ograniczenia.	Перевірити поточні обмеження.	Ағымдағы шектеулерді тексеру.
Тест спавна	Test spawn	Test-Spawn	Apparition de test	Aparición de prueba	Test pojawienia się	Тест спавну	Сынақ спавны
Записать все изменения.	Save all the changes.	Speichere alle Änderungen.	Enregistrer toutes les modifications.	Guarda todos los cambios.	Zapisz wszystkie zmiany.	Записати всі зміни.	Барлық өзгерістерді сақтау.
Экспорт	Export	Export	Exporter	Exportar	Eksport	Експорт	Экспорт
Экспортировать этот ивент.	Export this event.	Exportiere dieses Event.	Exporter cet événement.	Exporta este evento.	Eksportuj to wydarzenie.	Експортувати цей івент.	Осы ивентті экспорттау.
Вернуться именно к списку ивентов.	Return specifically to the event list.	Genau zur Event-Liste zurückkehren.	Revenir précisément à la liste des événements.	Volver justo a la lista de eventos.	Wróć właśnie do listy wydarzeń.	Повернутися саме до списку івентів.	Дәл ивенттер тізіміне оралу.
Для безопасности подтверждается командой.	For safety, it is confirmed by a command.	Aus Sicherheitsgründen wird es per Befehl bestätigt.	Pour des raisons de sécurité, la confirmation se fait par commande.	Por seguridad, se confirma mediante un comando.	Dla bezpieczeństwa potwierdza się to poleceniem.	Для безпеки підтверджується командою.	Қауіпсіздік үшін пәрмен арқылы расталады.
Удалить	Delete	Löschen	Supprimer	Eliminar	Usuń	Видалити	Жою
← К ивентам	← To events	← Zu den Events	← Aux événements	← A eventos	← Do wydarzeń	← До івентів	← Ивенттерге
Вернуться на общую страницу.	Return to the general page.	Zur allgemeinen Seite zurückkehren.	Revenir à la page générale.	Volver a la página general.	Wróć do strony ogólnej.	Повернутися на загальну сторінку.	Жалпы бетке оралу.
Название администратора	Administrator name	Administrator-Name	Nom administrateur	Nombre de administrador	Nazwa administratora	Назва для адміністратора	Әкімші атауы
Название для игрока	Name for the player	Name für den Spieler	Nom pour le joueur	Nombre para el jugador	Nazwa dla gracza	Назва для гравця	Ойыншы үшін атау
Не задано	Not set	Nicht festgelegt	Non défini	No definido	Nie ustawiono	Не задано	Орнатылмаған
Описание	Description	Beschreibung	Description	Descripción	Opis	Опис	Сипаттама
Исходный предмет	Source item	Quell-Item	Objet source	Objeto de origen	Przedmiot źródłowy	Джерельний предмет	Бастапқы зат
Текущий:	Current:	Aktuell:	Actuel :	Actual:	Aktualny:	Поточний:	Ағымдағы:
Источник используется как внешний вид EventHead.	The source is used as the appearance of EventHead.	Die Quelle wird als Aussehen von EventHead verwendet.	La source est utilisée comme apparence de l'EventHead.	La fuente se usa como apariencia del EventHead.	Źródło jest używane jako wygląd EventHead.	Джерело використовується як зовнішній вигляд EventHead.	Дереккөз EventHead сыртқы көрінісі ретінде пайдаланылады.
Он не забирается из вашего инвентаря.	It is not taken from your inventory.	Es wird nicht aus deinem Inventar entfernt.	Il n'est pas retiré de votre inventaire.	No se quita de tu inventario.	Nie jest zabierany z Twojego ekwipunku.	Він не забирається з вашого інвентаря.	Ол сіздің инвентарьіңізден алынбайды.
Подсказка	Hint	Tipp	Astuce	Consejo	Podpowiedź	Підказка	Кеңес
Создано	Created	Erstellt	Créé	Creado	Utworzono	Створено	Жасалды
Максимум активных	Maximum active	Maximal aktiv	Maximum actif	Máximo activo	Maksymalnie aktywnych	Максимум активних	Ең көп белсенді
Максимум в регионе	Maximum per region	Maximal pro Region	Maximum par région	Máximo por región	Maksymalnie w regionie	Максимум у регіоні	Аймақтағы ең көп саны
Минимальная дистанция от EventHead	Minimum distance from EventHead	Mindestabstand von EventHead	Distance minimale d'EventHead	Distancia mínima de EventHead	Minimalna odległość od EventHead	Мінімальна дистанція від EventHead	EventHead-тен ең аз қашықтық
Не спавнить рядом с игроками	Don't spawn near players	Nicht in der Nähe von Spielern spawnen	Ne pas apparaître près des joueurs	No aparecer cerca de jugadores	Nie pojawiaj się blisko graczy	Не спавнити поруч із гравцями	Ойыншылардың жанында спавндамау
выключено	off	aus	désactivé	desactivado	wyłączone	вимкнено	өшірулі
Высота Y	Height Y	Höhe Y	Hauteur Y	Altura Y	Wysokość Y	Висота Y	Биіктік Y
Шанс спавна	Spawn chance	Spawn-Chance	Chance d'apparition	Probabilidad de aparición	Szansa pojawienia się	Шанс спавну	Спавн ықтималдығы
Меньше секунд = быстрее появляются новые EventHead.	Fewer seconds = new EventHeads appear faster.	Weniger Sekunden = neue EventHeads erscheinen schneller.	Moins de secondes = les nouveaux EventHeads apparaissent plus vite.	Menos segundos = los nuevos EventHead aparecen más rápido.	Mniej sekund = nowe EventHead pojawiają się szybciej.	Менше секунд = нові EventHead з'являються швидше.	Аз секунд = жаңа EventHead жылдамырақ пайда болады.
Минимальная задержка спавна	Minimum spawn delay	Minimale Spawn-Verzögerung	Délai d'apparition minimal	Retraso mínimo de aparición	Minimalne opóźnienie pojawiania się	Мінімальна затримка спавну	Ең аз спавн кідірісі
Больше секунд = медленнее появляются новые EventHead.	More seconds = new EventHeads appear more slowly.	Mehr Sekunden = neue EventHeads erscheinen langsamer.	Plus de secondes = les nouveaux EventHeads apparaissent plus lentement.	Más segundos = los nuevos EventHead aparecen más lento.	Więcej sekund = nowe EventHead pojawiają się wolniej.	Більше секунд = нові EventHead з'являються повільніше.	Көп секунд = жаңа EventHead баяу пайда болады.
Максимальная задержка спавна	Maximum spawn delay	Maximale Spawn-Verzögerung	Délai d'apparition maximal	Retraso máximo de aparición	Maksymalne opóźnienie pojawiania się	Максимальна затримка спавну	Ең көп спавн кідірісі
Время жизни: минимум	Lifetime: minimum	Lebensdauer: minimal	Durée de vie : minimale	Tiempo de vida: mínimo	Czas życia: minimalny	Час життя: мінімум	Өмір сүру уақыты: ең аз
Время жизни: максимум	Lifetime: maximum	Lebensdauer: maximal	Durée de vie : maximale	Tiempo de vida: máximo	Czas życia: maksymalny	Час життя: максимум	Өмір сүру уақыты: ең көп
5с – 15с	5s – 15s	5s – 15s	5s – 15s	5s – 15s	5s – 15s	5с – 15с	5 с – 15 с
= новый спавн раз в 5–15 секунд.	= a new spawn every 5–15 seconds.	= alle 5–15 Sekunden ein neuer Spawn.	= une nouvelle apparition toutes les 5 à 15 secondes.	= una nueva aparición cada 5–15 segundos.	= nowe pojawienie się co 5–15 sekund.	= новий спавн раз на 5–15 секунд.	= 5–15 секунд сайын жаңа спавн.
Интервал спавна	Spawn interval	Spawn-Intervall	Intervalle d'apparition	Intervalo de aparición	Interwał pojawiania się	Інтервал спавну	Спавн аралығы
ЛКМ — ввести диапазон	LMB — enter a range	Linksklick — Bereich eingeben	Clic gauche — saisir une plage	Clic izq. — introducir un rango	LPM — wpisz zakres	ЛКМ — ввести діапазон	СТБ — диапазон енгізу
Например:	For example:	Zum Beispiel:	Par exemple :	Por ejemplo:	Na przykład:	Наприклад:	Мысалы:
Текущий диапазон:	Current range:	Aktueller Bereich:	Plage actuelle :	Rango actual:	Aktualny zakres:	Поточний діапазон:	Ағымдағы диапазон:
Изменённые min/max обычно применяются к новым спавнам.	Changed min/max usually apply to new spawns.	Geänderte min/max gelten in der Regel für neue Spawns.	Les min/max modifiés s'appliquent généralement aux nouvelles apparitions.	Los min/max modificados suelen aplicarse a nuevas apariciones.	Zmienione min/max zwykle dotyczą nowych pojawień.	Змінені min/max зазвичай застосовуються до нових спавнів.	Өзгертілген min/max әдетте жаңа спавндарға қолданылады.
ЛКМ — применить	LMB — apply	Linksklick — anwenden	Clic gauche — appliquer	Clic izq. — aplicar	LPM — zastosuj	ЛКМ — застосувати	СТБ — қолдану
Нажмите здесь, чтобы немедленно пересчитать время для уже существующих.	Click here to immediately recalculate the time for existing ones.	Klicke hier, um die Zeit für bereits vorhandene sofort neu zu berechnen.	Cliquez ici pour recalculer immédiatement le temps des instances existantes.	Haz clic aquí para recalcular de inmediato el tiempo de los ya existentes.	Kliknij tutaj, aby natychmiast przeliczyć czas dla już istniejących.	Натисніть тут, щоб негайно перерахувати час для вже наявних.	Бар даналар үшін уақытты дереу қайта есептеу үшін осында басыңыз.
Применить время жизни к активным	Apply the lifetime to active ones	Lebensdauer auf aktive anwenden	Appliquer la durée de vie aux instances actives	Aplicar el tiempo de vida a los activos	Zastosuj czas życia do aktywnych	Застосувати час життя до активних	Өмір сүру уақытын белсенділерге қолдану
Вода	Water	Wasser	Eau	Agua	Woda	Вода	Су
Лава	Lava	Lava	Lave	Lava	Lawa	Лава	Лава
Плавающий спавн	Floating spawn	Schwebender Spawn	Apparition flottante	Aparición flotante	Unoszące się pojawianie się	Плаваючий спавн	Қалқымалы спавн
Твёрдая опора	Solid support	Feste Unterlage	Support solide	Soporte sólido	Stałe podłoże	Тверда опора	Қатты тірек
ЛКМ — следующий режим	LMB — next mode	Linksklick — nächster Modus	Clic gauche — mode suivant	Clic izq. — siguiente modo	LPM — następny tryb	ЛКМ — наступний режим	СТБ — келесі режим
Режим спавна	Spawn mode	Spawn-Modus	Mode d'apparition	Modo de aparición	Tryb pojawiania się	Режим спавну	Спавн режимі
СЛУЧАЙНЫЙ — ищет автоматически.	RANDOM — searches automatically.	RANDOM — sucht automatisch.	ALÉATOIRE — recherche automatiquement.	ALEATORIO — busca automáticamente.	LOSOWY — szuka automatycznie.	ВИПАДКОВИЙ — шукає автоматично.	КЕЗДЕЙСОҚ — автоматты түрде іздейді.
СМЕШАННЫЙ — точки + случайный поиск.	MIXED — points + random search.	MIXED — Punkte + zufällige Suche.	MIXTE — points + recherche aléatoire.	MIXTO — puntos + búsqueda aleatoria.	MIESZANY — punkty + losowe wyszukiwanie.	ЗМІШАНИЙ — точки + випадковий пошук.	АРАЛАС — нүктелер + кездейсоқ іздеу.
ТОЧКИ — только сохранённые точки.	POINTS — only saved points.	POINTS — nur gespeicherte Punkte.	POINTS — uniquement les points enregistrés.	PUNTOS — solo los puntos guardados.	PUNKTY — tylko zapisane punkty.	ТОЧКИ — лише збережені точки.	НҮКТЕЛЕР — тек сақталған нүктелер.
ЛКМ — открыть точки	LMB — open points	Linksklick — Punkte öffnen	Clic gauche — ouvrir les points	Clic izq. — abrir puntos	LPM — otwórz punkty	ЛКМ — відкрити точки	СТБ — нүктелерді ашу
Сохранено:	Saved:	Gespeichert:	Enregistré :	Guardado:	Zapisano:	Збережено:	Сақталды:
Минимальная сумма	Minimum amount	Mindestbetrag	Montant minimal	Cantidad mínima	Kwota minimalna	Мінімальна сума	Ең аз сома
Отрицательное — списать монеты.	Negative — deduct coins.	Negativ — Münzen abziehen.	Négatif — déduire des pièces.	Negativo: deduce monedas.	Ujemna — odejmij monety.	Від'ємне — списати монети.	Теріс — монета шегеру.
Положительное число — выдать монеты.	A positive number — give coins.	Eine positive Zahl — Münzen ausgeben.	Positif — donner des pièces.	Positivo: entrega monedas.	Dodatnia liczba — wydaj monety.	Додатне число — видати монети.	Оң сан — монета беру.
Максимальная сумма	Maximum amount	Höchstbetrag	Montant maximal	Cantidad máxima	Kwota maksymalna	Максимальна сума	Ең көп сома
= игрок получает 5–10 монет.	= the player receives 5–10 coins.	= der Spieler erhält 5–10 Münzen.	= le joueur reçoit 5 à 10 pièces.	= el jugador recibe 5–10 monedas.	= gracz otrzymuje 5–10 monet.	= гравець отримує 5–10 монет.	= ойыншы 5–10 монета алады.
= с игрока списывается 1–5 монет.	= 1–5 coins are deducted from the player.	= dem Spieler werden 1–5 Münzen abgezogen.	= 1 à 5 pièces sont déduites du joueur.	= se le deducen 1–5 monedas al jugador.	= graczowi odejmowane jest 1–5 monet.	= у гравця списується 1–5 монет.	= ойыншыдан 1–5 монета шегеріледі.
Если списание невозможно, EventHead не засчитывается.	If the deduction is impossible, the EventHead does not count.	Wenn der Abzug nicht möglich ist, zählt der EventHead nicht.	Si la déduction est impossible, l'EventHead ne compte pas.	Si la deducción no es posible, el EventHead no cuenta.	Jeśli odjęcie jest niemożliwe, EventHead się nie liczy.	Якщо списання неможливе, EventHead не зараховується.	Егер шегеру мүмкін болмаса, EventHead есептелмейді.
Как работает сумма	How the amount works	So funktioniert der Betrag	Comment fonctionne le montant	Cómo funciona la cantidad	Jak działa kwota	Як працює сума	Сома қалай жұмыс істейді
Количество:	Amount:	Anzahl:	Quantité :	Cantidad:	Ilość:	Кількість:	Саны:
ЛКМ — открыть выбор частиц	LMB — open particle selection	Linksklick — Partikelauswahl öffnen	Clic gauche — ouvrir la sélection des particules	Clic izq. — abrir selección de partículas	LPM — otwórz wybór cząsteczek	ЛКМ — відкрити вибір частинок	СТБ — бөлшек таңдауын ашу
Настройки частиц	Particle settings	Partikeleinstellungen	Paramètres des particules	Ajustes de partículas	Ustawienia cząsteczek	Налаштування частинок	Бөлшек баптаулары
Тип:	Type:	Typ:	Type :	Tipo:	Typ:	Тип:	Түрі:
Цветов:	Colors:	Farben:	Couleurs :	Colores:	Kolory:	Кольорів:	Түстер:
глобальное	global	global	global	global	globalne	глобальне	жаһандық
Скорость анимации	Animation speed	Animationsgeschwindigkeit	Vitesse de l'animation	Velocidad de animación	Szybkość animacji	Швидкість анімації	Анимация жылдамдығы
Громкость:	Volume:	Lautstärke:	Volume :	Volumen:	Głośność:	Гучність:	Дыбыс деңгейі:
Звук	Sound	Sound	Son	Sonido	Dźwięk	Звук	Дыбыс
ЛКМ — выбрать звук	LMB — choose a sound	Linksklick — Sound wählen	Clic gauche — choisir un son	Clic izq. — elegir un sonido	LPM — wybierz dźwięk	ЛКМ — вибрати звук	СТБ — дыбыс таңдау
Тон:	Pitch:	Tonhöhe:	Tonalité :	Tono:	Ton:	Тон:	Тон:
Используются индивидуальные настройки частиц.	Individual particle settings are used.	Es werden individuelle Partikeleinstellungen verwendet.	Les paramètres de particules individuels sont utilisés.	Se usan los ajustes de partículas individuales.	Używane są indywidualne ustawienia cząsteczek.	Використовуються індивідуальні налаштування частинок.	Жеке бөлшек баптаулары пайдаланылады.
ЛКМ — запустить	LMB — play	Linksklick — abspielen	Clic gauche — lancer	Clic izq. — reproducir	LPM — odtwórz	ЛКМ — запустити	СТБ — іске қосу
Предпросмотр анимации	Animation preview	Animationsvorschau	Aperçu de l'animation	Vista previa de la animación	Podgląd animacji	Попередній перегляд анімації	Анимация алдын ала қарау
Проиграть звук и все выбранные частицы рядом с вами.	Play the sound and all selected particles near you.	Spiele den Sound und alle ausgewählten Partikel in deiner Nähe ab.	Jouer le son et toutes les particules sélectionnées près de vous.	Reproduce el sonido y todas las partículas seleccionadas cerca de ti.	Odtwórz dźwięk i wszystkie wybrane cząsteczki w Twoim pobliżu.	Відтворити звук і всі вибрані частинки поруч із вами.	Дыбысты және барлық таңдалған бөлшектерді қасыңызда ойнату.
Маленькая стойка во время анимации	A small stand during the animation	Ein kleiner Ständer während der Animation	Un petit support pendant l'animation	Un soporte pequeño durante la animación	Mały stojak podczas animacji	Маленька стійка під час анімації	Анимация кезіндегі кіші тіреуіш
Случайный поворот	Random rotation	Zufällige Drehung	Rotation aléatoire	Rotación aleatoria	Losowy obrót	Випадковий поворот	Кездейсоқ айналдыру
HEX-цвета применяются к DUST.	HEX colors apply to DUST.	HEX-Farben gelten für DUST.	Les couleurs HEX s'appliquent à DUST.	Los colores HEX se aplican a DUST.	Kolory HEX dotyczą DUST.	HEX-кольори застосовуються до DUST.	HEX түстер DUST-қа қолданылады.
Как работают цвета	How colors work	So funktionieren Farben	Comment fonctionnent les couleurs	Cómo funcionan los colores	Jak działają kolory	Як працюють кольори	Түстер қалай жұмыс істейді
Несколько цветов распределяются между частицами.	Several colors are distributed among the particles.	Mehrere Farben werden auf die Partikel verteilt.	Plusieurs couleurs sont réparties entre les particules.	Varios colores se reparten entre las partículas.	Kilka kolorów jest rozdzielanych między cząsteczki.	Кілька кольорів розподіляються між частинками.	Бірнеше түс бөлшектер арасында бөлінеді.
Вернуть индивидуальные значения к глобальным.	Revert individual values to global ones.	Individuelle Werte auf globale zurücksetzen.	Rétablir les valeurs individuelles aux valeurs globales.	Restablecer los valores individuales a los globales.	Przywróć wartości indywidualne do globalnych.	Повернути індивідуальні значення до глобальних.	Жеке мәндерді жаһандыққа қайтару.
Сбросить настройки частиц	Reset particle settings	Partikeleinstellungen zurücksetzen	Réinitialiser les paramètres de particules	Restablecer ajustes de partículas	Zresetuj ustawienia cząsteczek	Скинути налаштування частинок	Бөлшек баптауларын қалпына келтіру
Дата начала	Start date	Startdatum	Date de début	Fecha de inicio	Data rozpoczęcia	Дата початку	Басталу күні
ЛКМ — изменить	LMB — change	Linksklick — ändern	Clic gauche — modifier	Clic izq. — cambiar	LPM — zmień	ЛКМ — змінити	СТБ — өзгерту
не задана	not set	nicht festgelegt	non définie	no definida	nie ustawiono	не задано	орнатылмаған
Дата окончания	End date	Enddatum	Date de fin	Fecha de fin	Data zakończenia	Дата завершення	Аяқталу күні
ЛКМ — ввести	LMB — enter	Linksklick — eingeben	Clic gauche — saisir	Clic izq. — introducir	LPM — wpisz	ЛКМ — ввести	СТБ — енгізу
Одна строка	A single line	Eine einzige Zeile	Une seule ligne	Una sola línea	Jedna linia	Один рядок	Бір жол
Формат: дата начала | дата окончания	Format: start date | end date	Format: Startdatum | Enddatum	Format : date de début | date de fin	Formato: fecha de inicio | fecha de fin	Format: data rozpoczęcia | data zakończenia	Формат: дата початку | дата завершення	Формат: басталу күні | аяқталу күні
Включён	Enabled	Aktiviert	Activé	Activado	Włączone	Увімкнено	Қосулы
Время:	Time:	Zeit:	Heure :	Hora:	Godzina:	Час:	Уақыт:
Выключен	Disabled	Deaktiviert	Désactivé	Desactivado	Wyłączone	Вимкнено	Өшірулі
Ежедневный запуск	Daily run	Tägliche Ausführung	Exécution quotidienne	Ejecución diaria	Uruchamianie codzienne	Щоденний запуск	Күнделікті іске қосу
ПКМ — выключить	RMB — turn off	Rechtsklick — deaktivieren	Clic droit — désactiver	Clic der. — desactivar	PPM — wyłącz	ПКМ — вимкнути	ОТБ — өшіру
Следующий:	Next:	Nächster:	Suivant :	Siguiente:	Następny:	Наступний:	Келесі:
День:	Day:	Tag:	Jour :	Día:	Dzień:	День:	Күн:
Еженедельный запуск	Weekly run	Wöchentliche Ausführung	Exécution hebdomadaire	Ejecución semanal	Uruchamianie cotygodniowe	Щотижневий запуск	Апта сайынғы іске қосу
Автоматический спавн включён	Automatic spawning enabled	Automatisches Spawnen aktiviert	Apparition automatique activée	Aparición automática activada	Automatyczne pojawianie się włączone	Автоматичний спавн увімкнено	Автоматты спавн қосулы
Автоматический спавн выключен	Automatic spawning disabled	Automatisches Spawnen deaktiviert	Apparition automatique désactivée	Aparición automática desactivada	Automatyczne pojawianie się wyłączone	Автоматичний спавн вимкнено	Автоматты спавн өшірулі
ЛКМ — выполнить	LMB — run	Linksklick — ausführen	Clic gauche — exécuter	Clic izq. — ejecutar	LPM — uruchom	ЛКМ — виконати	СТБ — орындау
Очистить расписание	Clear the schedule	Zeitplan löschen	Effacer le planning	Borrar el horario	Wyczyść harmonogram	Очистити розклад	Кестені тазарту
Удаляет дату, ежедневное и еженедельное расписание.	Deletes the date, daily and weekly schedule.	Löscht Datum, tägliche und wöchentliche Zeitpläne.	Supprime la date, le planning quotidien et hebdomadaire.	Elimina la fecha, el horario diario y el semanal.	Usuwa datę, harmonogram dzienny i tygodniowy.	Видаляє дату, щоденний та щотижневий розклад.	Күнді, күнделікті және апталық кестені жояды.
Мир	World	Welt	Monde	Mundo	Świat	Світ	Әлем
ПКМ — убрать ограничение мира	RMB — remove the world restriction	Rechtsklick — Welteinschränkung entfernen	Clic droit — retirer la restriction de monde	Clic der. — quitar la restricción de mundo	PPM — usuń ograniczenie świata	ПКМ — прибрати обмеження світу	ОТБ — әлем шектеуін алып тастау
любой	any	beliebig	n'importe lequel	cualquiera	dowolny	будь-який	кез келген
ЛКМ — сменить: ANY → CLEAR → RAIN → THUNDER	LMB — switch: ANY → CLEAR → RAIN → THUNDER	Linksklick — wechseln: ANY → CLEAR → RAIN → THUNDER	Clic gauche — changer : ANY → CLEAR → RAIN → THUNDER	Clic izq. — cambiar: ANY → CLEAR → RAIN → THUNDER	LPM — przełącz: ANY → CLEAR → RAIN → THUNDER	ЛКМ — змінити: ANY → CLEAR → RAIN → THUNDER	СТБ — ауыстыру: ANY → CLEAR → RAIN → THUNDER
Погода	Weather	Wetter	Météo	Clima	Pogoda	Погода	Ауа райы
День / ночь	Day / night	Tag / Nacht	Jour / nuit	Día / noche	Dzień / noc	День / ніч	Күн / түн
ЛКМ — ANY → DAY → NIGHT	LMB — ANY → DAY → NIGHT	Linksklick — ANY → DAY → NIGHT	Clic gauche — ANY → DAY → NIGHT	Clic izq. — ANY → DAY → NIGHT	LPM — ANY → DAY → NIGHT	ЛКМ — ANY → DAY → NIGHT	СТБ — ANY → DAY → NIGHT
Время мира	World time	Weltzeit	Heure du monde	Hora del mundo	Czas świata	Час світу	Әлем уақыты
ПКМ — сбросить 0–24000	RMB — reset 0–24000	Rechtsklick — 0–24000 zurücksetzen	Clic droit — réinitialiser 0–24000	Clic der. — restablecer 0–24000	PPM — resetuj 0–24000	ПКМ — скинути 0–24000	ОТБ — 0–24000 қалпына келтіру
тиков	ticks	Ticks	ticks	ticks	ticki	тіків	тик
ПКМ — снять это требование	RMB — remove this requirement	Rechtsklick — diese Anforderung entfernen	Clic droit — retirer cette exigence	Clic der. — quitar este requisito	PPM — usuń ten wymóg	ПКМ — зняти цю вимогу	ОТБ — бұл талапты алып тастау
Шлем	Helmet	Helm	Casque	Casco	Hełm	Шолом	Дулыға
не требуется	not required	nicht erforderlich	non requis	no requerido	niewymagane	не потрібно	қажет емес
Предмет в инвентаре	Item in inventory	Item im Inventar	Objet dans l'inventaire	Objeto en el inventario	Przedmiot w ekwipunku	Предмет в інвентарі	Инвентарьдегі зат
ПКМ — вернуть сообщение по умолчанию	RMB — restore the default message	Rechtsklick — Standardnachricht wiederherstellen	Clic droit — restaurer le message par défaut	Clic der. — restaurar el mensaje predeterminado	PPM — przywróć domyślną wiadomość	ПКМ — повернути повідомлення за замовчуванням	ОТБ — әдепкі хабарды қайтару
Сообщение при отказе	Refusal message	Nachricht bei Ablehnung	Message de refus	Mensaje de rechazo	Wiadomość odmowy	Повідомлення при відмові	Бас тарту хабары
ПКМ — поставить 0	RMB — set to 0	Rechtsklick — auf 0 setzen	Clic droit — mettre à 0	Clic der. — poner a 0	PPM — ustaw na 0	ПКМ — поставити 0	ОТБ — 0 қою
Штраф при отказе	Penalty on refusal	Strafe bei Ablehnung	Pénalité en cas de refus	Penalización por rechazo	Kara przy odmowie	Штраф при відмові	Бас тартқандағы айыппұл
ЛКМ — полностью отключить условия	LMB — completely disable conditions	Linksklick — Bedingungen vollständig deaktivieren	Clic gauche — désactiver complètement les conditions	Clic izq. — desactivar completamente las condiciones	LPM — całkowicie wyłącz warunki	ЛКМ — повністю вимкнути умови	СТБ — шарттарды толық өшіру
Очистить мир, время, погоду, день/ночь, шлем и предмет.	Clear the world, time, weather, day/night, helmet and item.	Welt, Zeit, Wetter, Tag/Nacht, Helm und Item löschen.	Effacer le monde, l'heure, la météo, le jour/nuit, le casque et l'objet.	Borrar el mundo, la hora, el clima, el día/noche, el casco y el objeto.	Wyczyść świat, czas, pogodę, dzień/noc, hełm i przedmiot.	Очистити світ, час, погоду, день/ніч, шолом і предмет.	Әлемді, уақытты, ауа райын, күн/түнді, дулығаны және затты тазарту.
Сбросить все условия	Reset all conditions	Alle Bedingungen zurücksetzen	Réinitialiser toutes les conditions	Restablecer todas las condiciones	Zresetuj wszystkie warunki	Скинути всі умови	Барлық шарттарды қалпына келтіру
Как работает	How it works	Wie es funktioniert	Comment ça marche	Cómo funciona	Jak to działa	Як працює	Қалай жұмыс істейді
Например: наденьте PUMPKIN → можно собирать.	For example: put on PUMPKIN → you can collect.	Zum Beispiel: setze PUMPKIN auf → du kannst einsammeln.	Par exemple : mettez PUMPKIN → vous pouvez ramasser.	Por ejemplo: ponte PUMPKIN → puedes recoger.	Na przykład: załóż PUMPKIN → możesz zebrać.	Наприклад: наденьте PUMPKIN → можна зібрати.	Мысалы: PUMPKIN киіңіз → жинауға болады.
При невыполненном условии событие не забирается.	If the condition is not met, the event isn't collected.	Wenn die Bedingung nicht erfüllt ist, wird das Event nicht eingesammelt.	Si la condition n'est pas remplie, l'événement n'est pas ramassé.	Si la condición no se cumple, el evento no se recoge.	Jeśli warunek nie jest spełniony, wydarzenie nie jest zbierane.	Якщо умову не виконано, подію не збирають.	Шарт орындалмаса, оқиға жиналмайды.
Текущее:	Current:	Aktuell:	Actuel :	Actual:	Aktualny:	Поточне:	Ағымдағы:
Состояние:	Status:	Status:	Statut :	Estado:	Status:	Стан:	Күй:
включено	enabled	aktiviert	activé	activado	włączone	увімкнено	қосулы
Частицы	Particles	Partikel	Particules	Partículas	Cząsteczki	Частинки	Бөлшектер
Выберите несколько нот Minecraft.	Select several Minecraft notes.	Wähle mehrere Minecraft-Noten aus.	Sélectionnez plusieurs notes Minecraft.	Selecciona varias notas de Minecraft.	Wybierz kilka nut Minecraft.	Виберіть кілька нот Minecraft.	Бірнеше Minecraft нотасын таңдаңыз.
ЛКМ — открыть ноты	LMB — open notes	Linksklick — Noten öffnen	Clic gauche — ouvrir les notes	Clic izq. — abrir notas	LPM — otwórz nuty	ЛКМ — відкрити ноти	СТБ — ноталарды ашу
Можно включить хоть все 25.	You can even enable all 25.	Du kannst sogar alle 25 aktivieren.	Vous pouvez même toutes les activer, les 25.	Puedes activar incluso las 25.	Możesz nawet włączyć wszystkie 25.	Можна ввімкнути хоч усі 25.	25-тің бәрін де қосуға болады.
Ноты	Notes	Noten	Notes	Notas	Nuty	Ноти	Ноталар
Общее количество частиц	Total number of particles	Gesamtanzahl der Partikel	Nombre total de particules	Cantidad total de partículas	Łączna liczba cząsteczek	Загальна кількість частинок	Бөлшектердің жалпы саны
При нескольких типах лимит делится между ними.	With several types, the limit is shared between them.	Bei mehreren Typen wird das Limit auf sie verteilt.	Avec plusieurs types, la limite est répartie entre eux.	Con varios tipos, el límite se reparte entre ellos.	Przy kilku typach limit jest dzielony między nie.	При кількох типах ліміт ділиться між ними.	Бірнеше түр болғанда лимит солардың арасында бөлінеді.
Распределение:	Distribution:	Verteilung:	Répartition :	Distribución:	Rozkład:	Розподіл:	Бөліну:
Это ОБЩИЙ лимит на один тик.	This is the TOTAL limit per tick.	Dies ist das GESAMTE Limit pro Tick.	Il s'agit de la limite TOTALE par tick.	Este es el límite TOTAL por tick.	To jest ŁĄCZNY limit na tick.	Це ЗАГАЛЬНИЙ ліміт на один тик.	Бұл бір тикке арналған ЖАЛПЫ лимит.
16 базовых цветов красителей.	16 basic dye colors.	16 grundlegende Farbstofffarben.	16 couleurs de teinture de base.	16 colores básicos de tinte.	16 podstawowych kolorów barwników.	16 базових кольорів барвників.	16 негізгі бояу түсі.
ЛКМ — открыть палитру	LMB — open the palette	Linksklick — Palette öffnen	Clic gauche — ouvrir la palette	Clic izq. — abrir la paleta	LPM — otwórz paletę	ЛКМ — відкрити палітру	СТБ — палитраны ашу
Палитра DUST	DUST palette	DUST-Palette	Palette DUST	Paleta DUST	Paleta DUST	Палітра DUST	DUST палитрасы
Быстрое включение — без поиска в каталоге ниже.	Quick toggle — without searching the catalog below.	Schnellumschaltung — ohne im Katalog unten zu suchen.	Activation rapide — sans chercher dans le catalogue ci-dessous.	Activación rápida, sin buscar en el catálogo de abajo.	Szybkie włączanie — bez szukania w katalogu poniżej.	Швидке ввімкнення — без пошуку в каталозі нижче.	Жылдам қосу — төмендегі каталогтан іздемей-ақ.
Включена	Enabled	Aktiviert	Activé	Activado	Włączone	Увімкнено	Қосулы
Выключена	Disabled	Deaktiviert	Désactivé	Desactivado	Wyłączone	Вимкнено	Өшірулі
Цветная пыль (DUST)	Colored dust (DUST)	Farbiger Staub (DUST)	Poussière colorée (DUST)	Polvo de color (DUST)	Kolorowy pył (DUST)	Кольоровий пил (DUST)	Түсті шаң (DUST)
в списке типов.	in the type list.	in der Typenliste.	dans la liste des types.	en la lista de tipos.	na liście typów.	у списку типів.	түрлер тізімінде.
DUST_COLOR_TRANSITION — быстрое включение.	DUST_COLOR_TRANSITION — quick toggle.	DUST_COLOR_TRANSITION — Schnellumschaltung.	DUST_COLOR_TRANSITION — activation rapide.	DUST_COLOR_TRANSITION — activación rápida.	DUST_COLOR_TRANSITION — szybkie włączanie.	DUST_COLOR_TRANSITION — швидке ввімкнення.	DUST_COLOR_TRANSITION — жылдам қосу.
Переход цвета	Color transition	Farbübergang	Transition de couleur	Transición de color	Przejście koloru	Перехід кольору	Түс ауысуы
Выбранные частицы	Selected particles	Ausgewählte Partikel	Particules sélectionnées	Partículas seleccionadas	Wybrane cząsteczki	Вибрані частинки	Таңдалған бөлшектер
Показывает только включённые типы,	Shows only the enabled types,	Zeigt nur die aktivierten Typen,	Affiche uniquement les types activés,	Muestra solo los tipos activados,	Pokazuje tylko włączone typy,	Показує лише увімкнені типи,	Тек қосулы түрлерді көрсетеді,
чтобы не искать их в общем каталоге.	so you don't have to search for them in the full catalog.	damit du sie nicht im vollständigen Katalog suchen musst.	pour éviter de les chercher dans le catalogue complet.	para que no tengas que buscarlas en el catálogo completo.	abyś nie musiał ich szukać w pełnym katalogu.	щоб не шукати їх у загальному каталозі.	оларды толық каталогтан іздемеу үшін.
Всего в каталоге:	Total in the catalog:	Gesamt im Katalog:	Total dans le catalogue :	Total en el catálogo:	Łącznie w katalogu:	Усього в каталозі:	Каталогта барлығы:
Каталог частиц	Particle catalog	Partikelkatalog	Catalogue de particules	Catálogo de partículas	Katalog cząsteczek	Каталог частинок	Бөлшектер каталогы
ЛКМ — следующая страница	LMB — next page	Linksklick — nächste Seite	Clic gauche — page suivante	Clic izq. — página siguiente	LPM — następna strona	ЛКМ — наступна сторінка	СТБ — келесі бет
ПКМ — предыдущая страница	RMB — previous page	Rechtsklick — vorherige Seite	Clic droit — page précédente	Clic der. — página anterior	PPM — poprzednia strona	ПКМ — попередня сторінка	ОТБ — алдыңғы бет
ЛКМ — включить	LMB — enable	Linksklick — aktivieren	Clic gauche — activer	Clic izq. — activar	LPM — włącz	ЛКМ — увімкнути	СТБ — қосу
ЛКМ — настройки	LMB — settings	Linksklick — Einstellungen	Clic gauche — paramètres	Clic izq. — ajustes	LPM — ustawienia	ЛКМ — налаштування	СТБ — баптаулар
Назад	Back	Zurück	Retour	Atrás	Wstecz	Назад	Артқа
← Настройки анимации	← Animation settings	← Animationseinstellungen	← Paramètres d'animation	← Ajustes de animación	← Ustawienia animacji	← Налаштування анімації	← Анимация баптаулары
Белый	White	Weiß	Blanc	Blanco	Biały	Білий	Ақ
Оранжевый	Orange	Orange	Orange	Naranja	Pomarańczowy	Оранжевий	Қызғылт сары
Пурпурный	Magenta	Magenta	Magenta	Magenta	Purpurowy	Пурпуровий	Қызыл күлгін
Голубой	Light blue	Hellblau	Bleu clair	Celeste	Jasnoniebieski	Блакитний	Ашық көк
Жёлтый	Yellow	Gelb	Jaune	Amarillo	Żółty	Жовтий	Сары
Лаймовый	Lime	Limette	Citron vert	Verde lima	Limonkowy	Лаймовий	Лайм түсі
Розовый	Pink	Pink	Rose	Rosa	Różowy	Рожевий	Қызғылт
Светло-серый	Light gray	Hellgrau	Gris clair	Gris claro	Jasnoszary	Світло-сірий	Ашық сұр
Серый	Gray	Grau	Gris	Gris	Szary	Сірий	Сұр
Бирюзовый	Cyan	Cyan	Cyan	Cian	Turkusowy	Бірюзовий	Түрқуаз
Синий	Blue	Blau	Bleu	Azul	Niebieski	Синій	Көк
Фиолетовый	Purple	Lila	Violet	Púrpura	Fioletowy	Фіолетовий	Күлгін
Зелёный	Green	Grün	Vert	Verde	Zielony	Зелений	Жасыл
Коричневый	Brown	Braun	Marron	Marrón	Brązowy	Коричневий	Қоңыр
Красный	Red	Rot	Rouge	Rojo	Czerwony	Червоний	Қызыл
Чёрный	Black	Schwarz	Noir	Negro	Czarny	Чорний	Қара
Готовая награда, точки, частицы и звук.	A ready-made reward, points, particles and sound.	Fertige Belohnung, Punkte, Partikel und Sound.	Récompense, points, particules et son prêts à l'emploi.	Recompensa, puntos, partículas y sonido listos para usar.	Gotowa nagroda, punkty, cząsteczki i dźwięk.	Готова нагорода, точки, частинки та звук.	Дайын сыйлық, нүктелер, бөлшектер және дыбыс.
Готовый шаблон для ярмарки.	A ready-made template for a fair.	Eine fertige Vorlage für einen Jahrmarkt.	Un modèle prêt à l'emploi pour une foire.	Una plantilla lista para una feria.	Gotowy szablon na jarmark.	Готовий шаблон для ярмарку.	Жәрмеңкеге арналған дайын үлгі.
Есть условие экипировки и сообщение отказа.	There is an equipment condition and a refusal message.	Es gibt eine Ausrüstungsbedingung und eine Ablehnungsnachricht.	Il y a une condition d'équipement et un message de refus.	Hay una condición de equipamiento y un mensaje de rechazo.	Jest warunek wyposażenia i wiadomość odmowy.	Є умова екіпірування та повідомлення відмови.	Жабдық шарты және бас тарту хабары бар.
Пустой шаблон для ручной настройки.	An empty template for manual configuration.	Eine leere Vorlage für die manuelle Konfiguration.	Un modèle vide pour une configuration manuelle.	Una plantilla vacía para configuración manual.	Pusty szablon do ręcznej konfiguracji.	Порожній шаблон для ручного налаштування.	Қолмен баптауға арналған бос үлгі.
Свой	Custom	Eigene	Personnalisé	Propio	Własny	Власний	Жеке
Снег, частицы зимы и звук.	Snow, winter particles and sound.	Schnee, Winterpartikel und Sound.	Neige, particules d'hiver et son.	Nieve, partículas de invierno y sonido.	Śnieg, cząsteczki zimowe i dźwięk.	Сніг, зимові частинки та звук.	Қар, қысқы бөлшектер және дыбыс.
ЛКМ — создать	LMB — create	Linksklick — erstellen	Clic gauche — créer	Clic izq. — crear	LPM — utwórz	ЛКМ — створити	СТБ — жасау
ПКМ — настроить шаблон	RMB — configure the template	Rechtsklick — Vorlage konfigurieren	Clic droit — configurer le modèle	Clic der. — configurar la plantilla	PPM — skonfiguruj szablon	ПКМ — налаштувати шаблон	ОТБ — үлгіні баптау
← Ивенты	← Events	← Events	← Événements	← Eventos	← Wydarzenia	← Івенти	← Ивенттер
Настройка шаблона	Template configuration	Vorlagenkonfiguration	Configuration du modèle	Configuración de la plantilla	Konfiguracja szablonu	Налаштування шаблону	Үлгіні баптау
Вы не можете собрать: выполните требования.	You can't collect: meet the requirements.	Du kannst nicht einsammeln: Erfülle die Anforderungen.	Vous ne pouvez pas ramasser : remplissez les conditions.	No puedes recoger: cumple los requisitos.	Nie możesz zebrać: spełnij wymagania.	Ви не можете зібрати: виконайте вимоги.	Жинай алмайсыз: талаптарды орындаңыз.
Минимальная награда	Minimum reward	Mindestbelohnung	Récompense minimale	Recompensa mínima	Minimalna nagroda	Мінімальна нагорода	Ең аз сыйлық
Максимальная награда	Maximum reward	Höchstbelohnung	Récompense maximale	Recompensa máxima	Maksymalna nagroda	Максимальна нагорода	Ең көп сыйлық
ЛКМ — следующий	LMB — next	Linksklick — weiter	Clic gauche — suivant	Clic izq. — siguiente	LPM — dalej	ЛКМ — наступний	СТБ — келесі
Минимальная дистанция	Minimum distance	Mindestabstand	Distance minimale	Distancia mínima	Minimalna odległość	Мінімальна дистанція	Ең аз қашықтық
Минимальная задержка	Minimum delay	Mindestverzögerung	Délai minimal	Retraso mínimo	Minimalne opóźnienie	Мінімальна затримка	Ең аз кідіріс
Максимальная задержка	Maximum delay	Höchstverzögerung	Délai maximal	Retraso máximo	Maksymalne opóźnienie	Максимальна затримка	Ең көп кідіріс
Минимальное время жизни	Minimum lifetime	Minimale Lebensdauer	Durée de vie minimale	Tiempo de vida mínimo	Minimalny czas życia	Мінімальний час життя	Ең аз өмір сүру уақыты
Максимальное время жизни	Maximum lifetime	Maximale Lebensdauer	Durée de vie maximale	Tiempo de vida máximo	Maksymalny czas życia	Максимальний час життя	Ең көп өмір сүру уақыты
Количество частиц	Particle count	Partikelanzahl	Nombre de particules	Cantidad de partículas	Liczba cząsteczek	Кількість частинок	Бөлшектер саны
ЛКМ — список через запятую	LMB — comma-separated list	Linksklick — durch Komma getrennte Liste	Clic gauche — liste séparée par des virgules	Clic izq. — lista separada por comas	LPM — lista oddzielona przecinkami	ЛКМ — список через кому	СТБ — үтірмен бөлінген тізім
Типы частиц	Particle types	Partikeltypen	Types de particules	Tipos de partículas	Typy cząsteczek	Типи частинок	Бөлшек түрлері
по умолчанию	default	Standard	par défaut	predeterminado	domyślny	за замовчуванням	әдепкі
Звуки	Sounds	Sounds	Sons	Sonidos	Dźwięki	Звуки	Дыбыстар
Основные настройки шаблона	Basic template settings	Grundlegende Vorlageneinstellungen	Paramètres de base du modèle	Ajustes básicos de la plantilla	Podstawowe ustawienia szablonu	Основні налаштування шаблону	Үлгінің негізгі баптаулары
Страница 1/2	Page 1/2	Seite 1/2	Page 1/2	Página 1/2	Strona 1/2	Сторінка 1/2	1/2 бет
Дополнительные настройки	Additional settings	Zusätzliche Einstellungen	Paramètres supplémentaires	Ajustes adicionales	Dodatkowe ustawienia	Додаткові налаштування	Қосымша баптаулар
Маленькая стойка	Small stand	Kleiner Ständer	Petit support	Soporte pequeño	Mały stojak	Маленька стійка	Кіші тіреуіш
Громкость звука	Sound volume	Lautstärke des Sounds	Volume du son	Volumen del sonido	Głośność dźwięku	Гучність звуку	Дыбыс деңгейі
Тон звука	Sound pitch	Tonhöhe des Sounds	Tonalité du son	Tono del sonido	Ton dźwięku	Тон звуку	Дыбыс тоны
ПКМ — убрать	RMB — remove	Rechtsklick — entfernen	Clic droit — retirer	Clic der. — quitar	PPM — usuń	ПКМ — прибрати	ОТБ — алып тастау
Отрицательное значение = списание	A negative value = a deduction	Ein negativer Wert = ein Abzug	Une valeur négative = une déduction	Un valor negativo = una deducción	Wartość ujemna = odjęcie	Від'ємне значення = списання	Теріс мән = шегеру
Еженедельное расписание	Weekly schedule	Wöchentlicher Zeitplan	Planning hebdomadaire	Horario semanal	Harmonogram tygodniowy	Щотижневий розклад	Апталық кесте
ЛКМ — задать через чат	LMB — set via chat	Linksklick — über den Chat festlegen	Clic gauche — définir via le chat	Clic izq. — establecer por chat	LPM — ustaw przez czat	ЛКМ — задати через чат	СТБ — чат арқылы белгілеу
ПКМ — отключить	RMB — disable	Rechtsklick — deaktivieren	Clic droit — désactiver	Clic der. — desactivar	PPM — wyłącz	ПКМ — вимкнути	ОТБ — өшіру
Формат: суббота 20:00 | 1h	Format: saturday 20:00 | 1h	Format: Samstag 20:00 | 1h	Format : samedi 20:00 | 1h	Formato: sábado 20:00 | 1h	Format: sobota 20:00 | 1h	Формат: субота 20:00 | 1h	Формат: сенбі 20:00 | 1h
Основные настройки	Basic settings	Grundeinstellungen	Paramètres de base	Ajustes básicos	Podstawowe ustawienia	Основні налаштування	Негізгі баптаулар
Описание шаблона	Template description	Vorlagenbeschreibung	Description du modèle	Descripción de la plantilla	Opis szablonu	Опис шаблону	Үлгі сипаттамасы
← Шаблоны	← Templates	← Vorlagen	← Modèles	← Plantillas	← Szablony	← Шаблони	← Үлгілер
Шаблон будет создаваться	The template will be created	Die Vorlage wird erstellt	Le modèle sera créé	La plantilla se creará	Szablon zostanie utworzony	Шаблон буде створено	Үлгі жасалады
без звука	without sound	ohne Sound	sans son	sin sonido	bez dźwięku	без звуку	дыбыссыз
со звуком	with sound	mit Sound	avec son	con sonido	z dźwiękiem	зі звуком	дыбыспен
7д	7d	7T	7j	7d	7d	7д	7к
✓ Создан ивент по шаблону:	✓ Event created from template:	✓ Event aus Vorlage erstellt:	✓ Événement créé à partir du modèle :	✓ Evento creado a partir de la plantilla:	✓ Utworzono wydarzenie z szablonu:	✓ Створено івент за шаблоном:	✓ Үлгі бойынша ивент жасалды:
Все	All	Alle	Tous	Todos	Wszystkie	Усі	Барлығы
Настройки	Settings	Einstellungen	Paramètres	Ajustes	Ustawienia	Налаштування	Баптаулар
ЛКМ — выбрать	LMB — select	Linksklick — auswählen	Clic gauche — sélectionner	Clic izq. — seleccionar	LPM — wybierz	ЛКМ — вибрати	СТБ — таңдау
Фильтр журнала	Log filter	Protokollfilter	Filtre du journal	Filtro del registro	Filtr dziennika	Фільтр журналу	Журнал сүзгісі
Журнал хранится только в данных EventHeads.	The log is stored only in the EventHeads data.	Das Protokoll wird nur in den EventHeads-Daten gespeichert.	Le journal est stocké uniquement dans les données d'EventHeads.	El registro se guarda solo en los datos de EventHeads.	Dziennik jest przechowywany tylko w danych EventHeads.	Журнал зберігається лише в даних EventHeads.	Журнал тек EventHeads деректерінде сақталады.
Фильтр	Filter	Filter	Filtre	Filtro	Filtr	Фільтр	Сүзгі
Кто:	Who:	Wer:	Qui :	Quién:	Kto:	Хто:	Кім:
Подробности:	Details:	Details:	Détails :	Detalles:	Szczegóły:	Подробиці:	Толығырақ:
Что сделал:	Action:	Was gemacht wurde:	Action :	Acción:	Co zrobił:	Що зробив:	Не істеді:
Для выбранного фильтра записей пока нет.	There are no entries yet for the selected filter.	Für den gewählten Filter gibt es noch keine Einträge.	Il n'y a pas encore d'entrées pour le filtre sélectionné.	Aún no hay entradas para el filtro seleccionado.	Dla wybranego filtra nie ma jeszcze wpisów.	Для вибраного фільтра записів поки немає.	Таңдалған сүзгі үшін жазбалар әлі жоқ.
все	all	alle	tous	todos	wszystkie	усі	барлығы
ивенты	events	Events	événements	eventos	wydarzenia	івенти	ивенттер
награды	rewards	Belohnungen	récompenses	recompensas	nagrody	нагороди	сыйлықтар
настройки	settings	Einstellungen	paramètres	ajustes	ustawienia	налаштування	баптаулар
роли	roles	Rollen	rôles	roles	role	ролі	рөлдер
точки	points	Punkte	points	puntos	punkty	точки	нүктелер
Создал точку	Created a point	Punkt erstellt	A créé un point	Creó un punto	Utworzył punkt	Створив точку	Нүкте жасады
Удалил точку	Deleted a point	Punkt gelöscht	A supprimé un point	Eliminó un punto	Usunął punkt	Видалив точку	Нүктені жойды
Изменил шанс точки	Changed a point's chance	Chance eines Punkts geändert	A modifié la chance d'un point	Cambió la probabilidad de un punto	Zmienił szansę punktu	Змінив шанс точки	Нүкте ықтималдығын өзгертті
Изменил центр постановки точек	Changed the point placement center	Zentrum der Punktplatzierung geändert	A modifié le centre de placement des points	Cambió el centro de colocación de puntos	Zmienił środek stawiania punktów	Змінив центр встановлення точок	Нүктелерді орнату орталығын өзгертті
Изменил право роли	Changed a role's permission	Berechtigung einer Rolle geändert	A modifié une permission de rôle	Cambió un permiso de rol	Zmienił uprawnienie roli	Змінив право ролі	Рөл рұқсатын өзгертті
Создал роль	Created a role	Rolle erstellt	A créé un rôle	Creó un rol	Utworzył rolę	Створив роль	Рөл жасады
Изменил роль	Changed a role	Rolle geändert	A modifié un rôle	Cambió un rol	Zmienił rolę	Змінив роль	Рөлді өзгертті
Удалил роль	Deleted a role	Rolle gelöscht	A supprimé un rôle	Eliminó un rol	Usunął rolę	Видалив роль	Рөлді жойды
Изменил доступ сотрудника	Changed a staff member's access	Zugriff eines Mitarbeiters geändert	A modifié l'accès d'un membre du personnel	Cambió el acceso de un miembro del personal	Zmienił dostęp pracownika	Змінив доступ співробітника	Қызметкер қолжетімділігін өзгертті
Добавил сотрудника	Added a staff member	Mitarbeiter hinzugefügt	A ajouté un membre du personnel	Añadió a un miembro del personal	Dodał pracownika	Додав співробітника	Қызметкер қосты
Удалил сотрудника	Removed a staff member	Mitarbeiter entfernt	A retiré un membre du personnel	Eliminó a un miembro del personal	Usunął pracownika	Видалив співробітника	Қызметкерді жойды
Изменил индивидуальное право сотрудника	Changed a staff member's individual permission	Individuelle Berechtigung eines Mitarbeiters geändert	A modifié la permission individuelle d'un membre du personnel	Cambió el permiso individual de un miembro del personal	Zmienił indywidualne uprawnienie pracownika	Змінив індивідуальне право співробітника	Қызметкердің жеке рұқсатын өзгертті
Назначил роль сотруднику	Assigned a role to a staff member	Mitarbeiter eine Rolle zugewiesen	A attribué un rôle à un membre du personnel	Asignó un rol a un miembro del personal	Przypisał rolę pracownikowi	Призначив роль співробітнику	Қызметкерге рөл тағайындады
Скопировал ивент	Copied an event	Event kopiert	A copié un événement	Copió un evento	Skopiował wydarzenie	Скопіював івент	Ивентті көшірді
Изменил настройку ивента	Changed an event setting	Event-Einstellung geändert	A modifié un paramètre d'événement	Cambió un ajuste de evento	Zmienił ustawienie wydarzenia	Змінив налаштування івенту	Ивент баптауын өзгертті
Создал ивент из шаблона	Created an event from a template	Event aus Vorlage erstellt	A créé un événement à partir d'un modèle	Creó un evento a partir de una plantilla	Utworzył wydarzenie z szablonu	Створив івент із шаблону	Үлгі бойынша ивент жасады
Открыл настройки шаблона	Opened template settings	Vorlageneinstellungen geöffnet	A ouvert les paramètres du modèle	Abrió los ajustes de la plantilla	Otworzył ustawienia szablonu	Відкрив налаштування шаблону	Үлгі баптауларын ашты
Изменил выбранные звуки	Changed the selected sounds	Ausgewählte Sounds geändert	A modifié les sons sélectionnés	Cambió los sonidos seleccionados	Zmienił wybrane dźwięki	Змінив вибрані звуки	Таңдалған дыбыстарды өзгертті
Сбросил звуки	Reset the sounds	Sounds zurückgesetzt	A réinitialisé les sons	Restableció los sonidos	Zresetował dźwięki	Скинув звуки	Дыбыстарды қалпына келтірді
Включил/выключил звук	Toggled the sound	Sound umgeschaltet	A activé/désactivé le son	Activó/desactivó el sonido	Przełączył dźwięk	Увімкнув/вимкнув звук	Дыбысты қосты/өшірді
Выключил звук	Turned off the sound	Sound deaktiviert	A désactivé le son	Desactivó el sonido	Wyłączył dźwięk	Вимкнув звук	Дыбысты өшірді
Изменил настройки частицы	Changed particle settings	Partikeleinstellungen geändert	A modifié les paramètres de particules	Cambió los ajustes de partículas	Zmienił ustawienia cząsteczek	Змінив налаштування частинки	Бөлшек баптауларын өзгертті
Изменил ноты	Changed the notes	Noten geändert	A modifié les notes	Cambió las notas	Zmienił nuty	Змінив ноти	Ноталарды өзгертті
Включил/выключил частицу	Toggled a particle	Partikel umgeschaltet	A activé/désactivé une particule	Activó/desactivó una partícula	Przełączył cząsteczkę	Увімкнув/вимкнув частинку	Бөлшекті қосты/өшірді
Выключил частицу	Turned off a particle	Partikel deaktiviert	A désactivé une particule	Desactivó una partícula	Wyłączył cząsteczkę	Вимкнув частинку	Бөлшекті өшірді
Изменил палитру DUST	Changed the DUST palette	DUST-Palette geändert	A modifié la palette DUST	Cambió la paleta DUST	Zmienił paletę DUST	Змінив палітру DUST	DUST палитрасын өзгертті
Сбросил настройки частицы	Reset the particle settings	Partikeleinstellungen zurückgesetzt	A réinitialisé les paramètres de particules	Restableció los ajustes de partículas	Zresetował ustawienia cząsteczek	Скинув налаштування частинки	Бөлшек баптауларын қалпына келтірді
Открыл настройки частицы	Opened particle settings	Partikeleinstellungen geöffnet	A ouvert les paramètres de particules	Abrió los ajustes de partículas	Otworzył ustawienia cząsteczek	Відкрив налаштування частинки	Бөлшек баптауларын ашты
Изменил настройку спавна/ивента	Changed a spawn/event setting	Spawn-/Event-Einstellung geändert	A modifié un paramètre d'apparition/événement	Cambió un ajuste de aparición/evento	Zmienił ustawienie pojawiania się/wydarzenia	Змінив налаштування спавну/івенту	Спавн/ивент баптауын өзгертті
Удалил место из чёрного списка	Removed a location from the blacklist	Ort aus der Sperrliste entfernt	A retiré un emplacement de la liste noire	Eliminó una ubicación de la lista negra	Usunął miejsce z czarnej listy	Видалив місце з чорного списку	Орынды қара тізімнен жойды
Удалил WorldGuard-регион	Removed a WorldGuard region	WorldGuard-Region entfernt	A retiré une région WorldGuard	Eliminó una región de WorldGuard	Usunął region WorldGuard	Видалив регіон WorldGuard	WorldGuard аймағын жойды
Очистил список регионов	Cleared the region list	Regionsliste geleert	A vidé la liste des régions	Borró la lista de regiones	Wyczyścił listę regionów	Очистив список регіонів	Аймақтар тізімін тазартты
Изменил шаблон	Changed the template	Vorlage geändert	A modifié le modèle	Cambió la plantilla	Zmienił szablon	Змінив шаблон	Үлгіні өзгертті
Сбросил все условия сбора	Reset all collection conditions	Alle Sammelbedingungen zurückgesetzt	A réinitialisé toutes les conditions de collecte	Restableció todas las condiciones de recolección	Zresetował wszystkie warunki zbierania	Скинув усі умови збору	Барлық жинау шарттарын қалпына келтірді
Изменил условия сбора	Changed the collection conditions	Sammelbedingungen geändert	A modifié les conditions de collecte	Cambió las condiciones de recolección	Zmienił warunki zbierania	Змінив умови збору	Жинау шарттарын өзгертті
Сбросил Anti-ESP	Reset Anti-ESP	Anti-ESP zurückgesetzt	A réinitialisé Anti-ESP	Restableció Anti-ESP	Zresetował Anti-ESP	Скинув Anti-ESP	Anti-ESP қалпына келтірді
Изменил Anti-ESP	Changed Anti-ESP	Anti-ESP geändert	A modifié Anti-ESP	Cambió Anti-ESP	Zmienił Anti-ESP	Змінив Anti-ESP	Anti-ESP өзгертті
Очистил расписание	Cleared the schedule	Zeitplan geleert	A effacé le planning	Borró el horario	Wyczyścił harmonogram	Очистив розклад	Кестені тазартты
Включил/выключил ивент	Toggled the event	Event umgeschaltet	A activé/désactivé l'événement	Activó/desactivó el evento	Przełączył wydarzenie	Увімкнув/вимкнув івент	Ивентті қосты/өшірді
Изменил внешний вид EventHead	Changed the EventHead's appearance	Aussehen von EventHead geändert	A modifié l'apparence de l'EventHead	Cambió la apariencia del EventHead	Zmienił wygląd EventHead	Змінив зовнішній вигляд EventHead	EventHead сыртқы көрінісін өзгертті
Изменил режим спавна	Changed the spawn mode	Spawn-Modus geändert	A modifié le mode d'apparition	Cambió el modo de aparición	Zmienił tryb pojawiania się	Змінив режим спавну	Спавн режимін өзгертті
Запустил тест спавна	Ran a test spawn	Test-Spawn ausgeführt	A lancé une apparition de test	Ejecutó una aparición de prueba	Uruchomił test pojawienia się	Запустив тест спавну	Сынақ спавнын іске қосты
Добавил WorldGuard-регион	Added a WorldGuard region	WorldGuard-Region hinzugefügt	A ajouté une région WorldGuard	Añadió una región de WorldGuard	Dodał region WorldGuard	Додав регіон WorldGuard	WorldGuard аймағын қосты
Сохранил выделение WorldEdit для региона	Saved a WorldEdit selection for the region	WorldEdit-Auswahl für die Region gespeichert	A enregistré une sélection WorldEdit pour la région	Guardó una selección de WorldEdit para la región	Zapisał zaznaczenie WorldEdit dla regionu	Зберіг виділення WorldEdit для регіону	Аймақ үшін WorldEdit таңдауын сақтады
Добавил место в чёрный список	Added a location to the blacklist	Ort zur Sperrliste hinzugefügt	A ajouté un emplacement à la liste noire	Añadió una ubicación a la lista negra	Dodał miejsce do czarnej listy	Додав місце до чорного списку	Орынды қара тізімге қосты
Добавил глобальное место в чёрный список	Added a global location to the blacklist	Globalen Ort zur Sperrliste hinzugefügt	A ajouté un emplacement global à la liste noire	Añadió una ubicación global a la lista negra	Dodał globalne miejsce do czarnej listy	Додав глобальне місце до чорного списку	Ортақ орынды қара тізімге қосты
Удалил глобальное место из чёрного списка	Removed a global location from the blacklist	Globalen Ort aus der Sperrliste entfernt	A retiré un emplacement global de la liste noire	Eliminó una ubicación global de la lista negra	Usunął globalne miejsce z czarnej listy	Видалив глобальне місце з чорного списку	Ортақ орынды қара тізімнен жойды
Удалил предмет/ивент	Deleted an item/event	Item/Event gelöscht	A supprimé un objet/événement	Eliminó un objeto/evento	Usunął przedmiot/wydarzenie	Видалив предмет/івент	Затты/ивентті жойды
Отключил еженедельное расписание	Disabled the weekly schedule	Wöchentlichen Zeitplan deaktiviert	A désactivé le planning hebdomadaire	Desactivó el horario semanal	Wyłączył harmonogram tygodniowy	Вимкнув щотижневий розклад	Апталық кестені өшірді
Получил инструмент точек	Received the point tool	Punktwerkzeug erhalten	A reçu l'outil de points	Recibió la herramienta de puntos	Otrzymał narzędzie punktów	Отримав інструмент точок	Нүкте құралын алды
Получил инструмент чёрного списка	Received the blacklist tool	Sperrlisten-Werkzeug erhalten	A reçu l'outil de liste noire	Recibió la herramienta de lista negra	Otrzymał narzędzie czarnej listy	Отримав інструмент чорного списку	Қара тізім құралын алды
Изменил основной тип частиц	Changed the main particle type	Haupt-Partikeltyp geändert	A modifié le type de particule principal	Cambió el tipo de partícula principal	Zmienił główny typ cząsteczek	Змінив основний тип частинок	Негізгі бөлшек түрін өзгертті
Запустил предпросмотр частицы	Started a particle preview	Partikelvorschau gestartet	A lancé un aperçu de particule	Inició una vista previa de partícula	Uruchomił podgląd cząsteczki	Запустив попередній перегляд частинки	Бөлшекті алдын ала қарауды іске қосты
Запустил предпросмотр анимации	Started an animation preview	Animationsvorschau gestartet	A lancé un aperçu d'animation	Inició una vista previa de animación	Uruchomił podgląd animacji	Запустив попередній перегляд анімації	Анимацияны алдын ала қарауды іске қосты
Сохранил изменения	Saved the changes	Änderungen gespeichert	A enregistré les modifications	Guardó los cambios	Zapisał zmiany	Зберіг зміни	Өзгерістерді сақтады
Изменил данные	Changed data	Daten geändert	A modifié des données	Cambió datos	Zmienił dane	Змінив дані	Деректерді өзгертті
Без дополнительных данных	No additional data	Keine zusätzlichen Daten	Aucune donnée supplémentaire	Sin datos adicionales	Brak dodatkowych danych	Без додаткових даних	Қосымша деректер жоқ
: шанс	: chance	: Chance	: chance	: probabilidad	: szansa	: шанс	: ықтималдық
Точка #	Point #	Punkt #	Point #	Punto #	Punkt #	Точка #	Нүкте #
Минимальная дистанция от других EventHead	Minimum distance from other EventHeads	Mindestabstand von anderen EventHeads	Distance minimale des autres EventHeads	Distancia mínima de otros EventHead	Minimalna odległość od innych EventHead	Мінімальна дистанція від інших EventHead	Басқа EventHead-тен ең аз қашықтық
Минимальная награда шаблона	Template minimum reward	Mindestbelohnung der Vorlage	Récompense minimale du modèle	Recompensa mínima de la plantilla	Minimalna nagroda szablonu	Мінімальна нагорода шаблону	Үлгінің ең аз сыйлығы
Максимальная награда шаблона	Template maximum reward	Höchstbelohnung der Vorlage	Récompense maximale du modèle	Recompensa máxima de la plantilla	Maksymalna nagroda szablonu	Максимальна нагорода шаблону	Үлгінің ең көп сыйлығы
Максимум активных шаблона	Template maximum active	Maximal aktiv der Vorlage	Maximum actif du modèle	Máximo activo de la plantilla	Maksymalnie aktywnych szablonu	Максимум активних шаблону	Үлгінің ең көп белсенді саны
Максимум в регионе шаблона	Template maximum per region	Maximal pro Region der Vorlage	Maximum par région du modèle	Máximo por región de la plantilla	Maksymalnie w regionie szablonu	Максимум у регіоні шаблону	Үлгінің аймақтағы ең көп саны
Минимальная дистанция шаблона	Template minimum distance	Mindestabstand der Vorlage	Distance minimale du modèle	Distancia mínima de la plantilla	Minimalna odległość szablonu	Мінімальна дистанція шаблону	Үлгінің ең аз қашықтығы
Дистанция от игроков шаблона	Template distance from players	Abstand von Spielern der Vorlage	Distance des joueurs du modèle	Distancia de jugadores de la plantilla	Odległość od graczy szablonu	Дистанція від гравців шаблону	Үлгінің ойыншылардан қашықтығы
Режим спавна шаблона	Template spawn mode	Spawn-Modus der Vorlage	Mode d'apparition du modèle	Modo de aparición de la plantilla	Tryb pojawiania się szablonu	Режим спавну шаблону	Үлгінің спавн режимі
Количество частиц шаблона	Template particle count	Partikelanzahl der Vorlage	Nombre de particules du modèle	Cantidad de partículas de la plantilla	Liczba cząsteczek szablonu	Кількість частинок шаблону	Үлгінің бөлшектер саны
Звук шаблона	Template sound	Sound der Vorlage	Son du modèle	Sonido de la plantilla	Dźwięk szablonu	Звук шаблону	Үлгінің дыбысы
Условия сбора шаблона	Template collection conditions	Sammelbedingungen der Vorlage	Conditions de collecte du modèle	Condiciones de recolección de la plantilla	Warunki zbierania szablonu	Умови збору шаблону	Үлгінің жинау шарттары
Еженедельное расписание шаблона	Template weekly schedule	Wöchentlicher Zeitplan der Vorlage	Planning hebdomadaire du modèle	Horario semanal de la plantilla	Harmonogram tygodniowy szablonu	Щотижневий розклад шаблону	Үлгінің апталық кестесі
Разрешение воды	Water permission	Wassererlaubnis	Autorisation eau	Permiso de agua	Zezwolenie na wodę	Дозвіл на воду	Суға рұқсат
Разрешение лавы	Lava permission	Lava-Erlaubnis	Autorisation lave	Permiso de lava	Zezwolenie na lawę	Дозвіл на лаву	Лавaға рұқсат
Включён — ЛКМ выключить	Enabled — LMB to disable	Aktiviert — Linksklick zum Deaktivieren	Activé — clic gauche pour désactiver	Activado — clic izq. para desactivar	Włączone — LPM aby wyłączyć	Увімкнено — ЛКМ вимкнути	Қосулы — өшіру үшін СТБ
Ввести произвольный цвет через чат.	Enter a custom color via chat.	Gib eine eigene Farbe über den Chat ein.	Saisissez une couleur personnalisée via le chat.	Introduce un color personalizado por chat.	Wpisz własny kolor przez czat.	Введіть власний колір через чат.	Чат арқылы жеке түсті енгізіңіз.
Свой HEX-цвет	Custom HEX color	Eigene HEX-Farbe	Couleur HEX personnalisée	Color HEX personalizado	Własny kolor HEX	Власний HEX-колір	Жеке HEX түсі
← Частицы	← Particles	← Partikel	← Particules	← Partículas	← Cząsteczki	← Частинки	← Бөлшектер
Всего выбрано	Total selected	Insgesamt ausgewählt	Total sélectionné	Total seleccionado	Łącznie wybrano	Усього вибрано	Барлығы таңдалды
Общий лимит частиц:	Total particle limit:	Gesamt-Partikellimit:	Limite totale de particules :	Límite total de partículas:	Łączny limit cząsteczek:	Загальний ліміт частинок:	Жалпы бөлшек лимиті:
Распределение на типы:	Distribution among types:	Verteilung auf die Typen:	Répartition entre les types :	Distribución entre los tipos:	Rozkład na typy:	Розподіл на типи:	Түрлер бойынша бөліну:
Ничего не выбрано	Nothing selected	Nichts ausgewählt	Rien de sélectionné	Nada seleccionado	Nic nie wybrano	Нічого не вибрано	Ештеңе таңдалмаған
Откройте каталог и включите хотя бы один тип.	Open the catalog and enable at least one type.	Öffne den Katalog und aktiviere mindestens einen Typ.	Ouvrez le catalogue et activez au moins un type.	Abre el catálogo y activa al menos un tipo.	Otwórz katalog i włącz co najmniej jeden typ.	Відкрийте каталог і ввімкніть хоча б один тип.	Каталогты ашып, кемінде бір түрді қосыңыз.
ПКМ — выключить частицу	RMB — turn off the particle	Rechtsklick — Partikel deaktivieren	Clic droit — désactiver la particule	Clic der. — desactivar la partícula	PPM — wyłącz cząsteczkę	ПКМ — вимкнути частинку	ОТБ — бөлшекті өшіру
← Каталог частиц	← Particle catalog	← Partikelkatalog	← Catalogue de particules	← Catálogo de partículas	← Katalog cząsteczek	← Каталог частинок	← Бөлшектер каталогы
Настройки частицы	Particle settings	Partikeleinstellungen	Paramètres de particule	Ajustes de partícula	Ustawienia cząsteczki	Налаштування частинки	Бөлшек баптаулары
Длительность	Duration	Dauer	Durée	Duración	Czas trwania	Тривалість	Ұзақтығы
полная анимация	full animation	volle Animation	animation complète	animación completa	pełna animacja	повна анімація	толық анимация
по общему лимиту	by the total limit	nach dem Gesamtlimit	selon la limite totale	según el límite total	według łącznego limitu	за загальним лімітом	жалпы лимит бойынша
Скорость	Speed	Geschwindigkeit	Vitesse	Velocidad	Szybkość	Швидкість	Жылдамдық
GLOBAL — наследовать палитру.	GLOBAL — inherit the palette.	GLOBAL — Palette übernehmen.	GLOBAL — hériter de la palette.	GLOBAL — heredar la paleta.	GLOBAL — dziedzicz paletę.	GLOBAL — успадкувати палітру.	GLOBAL — палитраны мұралау.
Только параметры, поддерживающие цвет.	Only parameters that support color.	Nur Parameter, die Farbe unterstützen.	Uniquement les paramètres prenant en charge la couleur.	Solo los parámetros que admiten color.	Tylko parametry obsługujące kolor.	Лише параметри, що підтримують колір.	Тек түсті қолдайтын параметрлер.
Цвет	Color	Farbe	Couleur	Color	Kolor	Колір	Түс
наследуется из палитры DUST	inherited from the DUST palette	von der DUST-Palette übernommen	hérité de la palette DUST	heredado de la paleta DUST	odziedziczone z palety DUST	успадковано з палітри DUST	DUST палитрасынан мұраланған
Размер	Size	Größe	Taille	Tamaño	Rozmiar	Розмір	Өлшем
Для этой частицы параметры разброса/цвета/размера не применяются.	Spread/color/size parameters do not apply to this particle.	Streuungs-/Farb-/Größenparameter gelten nicht für diese Partikel.	Les paramètres de dispersion/couleur/taille ne s'appliquent pas à cette particule.	Los parámetros de dispersión/color/tamaño no se aplican a esta partícula.	Parametry rozrzutu/koloru/rozmiaru nie dotyczą tej cząsteczki.	Параметри розкиду/кольору/розміру не застосовуються до цієї частинки.	Бұл бөлшекке шашырау/түс/өлшем параметрлері қолданылмайды.
Нет дополнительных параметров	No additional parameters	Keine zusätzlichen Parameter	Aucun paramètre supplémentaire	Sin parámetros adicionales	Brak dodatkowych parametrów	Немає додаткових параметрів	Қосымша параметрлер жоқ
Для каждой выбранной ноты хранится свой pitch и цвет.	Each selected note stores its own pitch and color.	Jede ausgewählte Note speichert einen eigenen Pitch und eine eigene Farbe.	Chaque note sélectionnée conserve son propre pitch et sa propre couleur.	Cada nota seleccionada guarda su propio tono y color.	Każda wybrana nuta ma zapisany własny pitch i kolor.	Для кожної вибраної ноти зберігається свій pitch і колір.	Таңдалған әр нота өзінің pitch және түсін сақтайды.
ЛКМ — выбрать несколько нот	LMB — select several notes	Linksklick — mehrere Noten auswählen	Clic gauche — sélectionner plusieurs notes	Clic izq. — seleccionar varias notas	LPM — wybierz kilka nut	ЛКМ — вибрати кілька нот	СТБ — бірнеше нота таңдау
Вернуть настройки этой частицы.	Restore this particle's settings.	Stelle die Einstellungen dieser Partikel wieder her.	Rétablir les paramètres de cette particule.	Restaura los ajustes de esta partícula.	Przywróć ustawienia tej cząsteczki.	Повернути налаштування цієї частинки.	Осы бөлшектің баптауларын қайтару.
ЛКМ — проиграть	LMB — play	Linksklick — abspielen	Clic gauche — jouer	Clic izq. — reproducir	LPM — odtwórz	ЛКМ — програти	СТБ — ойнату
Показать только эту частицу рядом с вами.	Show only this particle near you.	Zeige nur diese Partikel in deiner Nähe.	Afficher uniquement cette particule près de vous.	Muestra solo esta partícula cerca de ti.	Pokaż tylko tę cząsteczkę w Twoim pobliżu.	Показати лише цю частинку поруч із вами.	Тек осы бөлшекті қасыңызда көрсету.
Предпросмотр	Preview	Vorschau	Aperçu	Vista previa	Podgląd	Попередній перегляд	Алдын ала қарау
Сбросить	Reset	Zurücksetzen	Réinitialiser	Restablecer	Resetuj	Скинути	Қалпына келтіру
← Выбранные частицы	← Selected particles	← Ausgewählte Partikel	← Particules sélectionnées	← Partículas seleccionadas	← Wybrane cząsteczki	← Вибрані частинки	← Таңдалған бөлшектер
Выбрано нот	Notes selected	Ausgewählte Noten	Notes sélectionnées	Notas seleccionadas	Wybrane nuty	Вибрано нот	Таңдалған ноталар
ЛКМ — продолжить выбор	LMB — continue selecting	Linksklick — Auswahl fortsetzen	Clic gauche — continuer la sélection	Clic izq. — seguir seleccionando	LPM — kontynuuj wybieranie	ЛКМ — продовжити вибір	СТБ — таңдауды жалғастыру
ПКМ — снять все выбранные ноты	RMB — clear all selected notes	Rechtsklick — alle ausgewählten Noten entfernen	Clic droit — retirer toutes les notes sélectionnées	Clic der. — quitar todas las notas seleccionadas	PPM — usuń wszystkie wybrane nuty	ПКМ — зняти всі вибрані ноти	ОТБ — таңдалған барлық ноталарды алып тастау
из 25	of 25	von 25	sur 25	de 25	z 25	з 25	25-тен
ЛКМ — убрать	LMB — remove	Linksklick — entfernen	Clic gauche — retirer	Clic izq. — quitar	LPM — usuń	ЛКМ — прибрати	СТБ — алып тастау
Октава/номер:	Octave/number:	Oktave/Nummer:	Octave/numéro :	Octava/número:	Oktawa/numer:	Октава/номер:	Октава/нөмір:
Сольфеджио:	Solfège:	Solmisation:	Solfège :	Solfeo:	Solmizacja:	Сольфеджіо:	Сольфеджио:
Цвет:	Color:	Farbe:	Couleur :	Color:	Kolor:	Колір:	Түс:
Аметист	Amethyst	Amethyst	Améthyste	Amatista	Ametyst	Аметист	Аметист
Визер	Wither	Wither	Wither	Wither	Wither	Візер	Візер
Нота	Note	Note	Note	Nota	Nuta	Нота	Нота
Опыт	Experience	Erfahrung	Expérience	Experiencia	Doświadczenie	Досвід	Тәжірибе
Повышение уровня	Level up	Stufenaufstieg	Passage de niveau	Subida de nivel	Awans poziomu	Підвищення рівня	Деңгей көтеру
Подбор предмета	Item pickup	Item aufheben	Ramassage d'objet	Recogida de objeto	Podniesienie przedmiotu	Підбір предмета	Затты алу
Фейерверк	Firework	Feuerwerk	Feu d'artifice	Fuego artificial	Fajerwerk	Феєрверк	Отшашу
Выбран — ЛКМ убрать	Selected — LMB to remove	Ausgewählt — Linksklick zum Entfernen	Sélectionné — clic gauche pour retirer	Seleccionado — clic izq. para quitar	Wybrane — LPM aby usunąć	Вибрано — ЛКМ прибрати	Таңдалды — алып тастау үшін СТБ
ЛКМ — добавить	LMB — add	Linksklick — hinzufügen	Clic gauche — ajouter	Clic izq. — añadir	LPM — dodaj	ЛКМ — додати	СТБ — қосу
нет — используется глобальный	none — the global one is used	keine — es wird der globale verwendet	aucun — celui global est utilisé	ninguno — se usa el global	brak — używany jest globalny	немає — використовується глобальний	жоқ — жаһандық пайдаланылады
Звук включён	Sound enabled	Sound aktiviert	Son activé	Sonido activado	Dźwięk włączony	Звук увімкнено	Дыбыс қосулы
Звук выключен	Sound disabled	Sound deaktiviert	Son désactivé	Sonido desactivado	Dźwięk wyłączony	Звук вимкнено	Дыбыс өшірулі
ЛКМ — включить/выключить	LMB — enable/disable	Linksklick — aktivieren/deaktivieren	Clic gauche — activer/désactiver	Clic izq. — activar/desactivar	LPM — włącz/wyłącz	ЛКМ — увімкнути/вимкнути	СТБ — қосу/өшіру
Громкость	Volume	Lautstärke	Volume	Volumen	Głośność	Гучність	Дыбыс деңгейі
Использовать глобальный	Use the global one	Den globalen verwenden	Utiliser celui global	Usar el global	Użyj globalnego	Використати глобальний	Жаһандықты пайдалану
ЛКМ — выключить	LMB — disable	Linksklick — deaktivieren	Clic gauche — désactiver	Clic izq. — desactivar	LPM — wyłącz	ЛКМ — вимкнути	СТБ — өшіру
ЛКМ — прослушать	LMB — listen	Linksklick — anhören	Clic gauche — écouter	Clic izq. — escuchar	LPM — odsłuchaj	ЛКМ — прослухати	СТБ — тыңдау
Очистить выбранные звуки, не выключая звук.	Clear the selected sounds without disabling sound.	Ausgewählte Sounds löschen, ohne den Sound zu deaktivieren.	Effacer les sons sélectionnés sans désactiver le son.	Borra los sonidos seleccionados sin desactivar el sonido.	Wyczyść wybrane dźwięki bez wyłączania dźwięku.	Очистити вибрані звуки, не вимикаючи звук.	Дыбысты өшірмей, таңдалған дыбыстарды тазарту.
Полностью отключить звук у этого ивента.	Completely turn off sound for this event.	Sound für dieses Event vollständig deaktivieren.	Désactiver complètement le son pour cet événement.	Desactiva completamente el sonido de este evento.	Całkowicie wyłącz dźwięk dla tego wydarzenia.	Повністю вимкнути звук у цієї події.	Бұл оқиға үшін дыбысты толық өшіру.
Проиграть один случайный выбранный звук.	Play one random selected sound.	Spiele einen zufälligen ausgewählten Sound ab.	Jouer un son sélectionné aléatoire.	Reproduce un sonido aleatorio seleccionado.	Odtwórz jeden losowy wybrany dźwięk.	Відтворити один випадковий вибраний звук.	Таңдалғандардың бірін кездейсоқ ойнату.
Прослушать звук	Listen to the sound	Sound anhören	Écouter le son	Escuchar el sonido	Odsłuchaj dźwięk	Прослухати звук	Дыбысты тыңдау
Свой звук	Custom sound	Eigener Sound	Son personnalisé	Sonido personalizado	Własny dźwięk	Власний звук	Жеке дыбыс
Только выключить звук	Just turn off sound	Nur Sound deaktivieren	Désactiver uniquement le son	Solo desactivar el sonido	Tylko wyłącz dźwięk	Лише вимкнути звук	Тек дыбысты өшіру
Тон	Pitch	Tonhöhe	Tonalité	Tono	Ton	Тон	Тон
← Анимация	← Animation	← Animation	← Animation	← Animación	← Animacja	← Анімація	← Анимация
+ звук	+ sound	+ Sound	+ son	+ sonido	+ dźwięk	+ звук	+ дыбыс
глобальная частица	global particle	globale Partikel	particule globale	partícula global	globalna cząsteczka	глобальна частинка	жаһандық бөлшек
частиц	particles	Partikel	particules	partículas	cząsteczek	частинок	бөлшек
✓ Предпросмотр анимации:	✓ Animation preview:	✓ Animationsvorschau:	✓ Aperçu de l'animation :	✓ Vista previa de la animación:	✓ Podgląd animacji:	✓ Попередній перегляд анімації:	✓ Анимацияны алдын ала қарау:
Звук для этого ивента выключен.	Sound for this event is disabled.	Sound für dieses Event ist deaktiviert.	Le son pour cet événement est désactivé.	El sonido de este evento está desactivado.	Dźwięk dla tego wydarzenia jest wyłączony.	Звук для цієї події вимкнено.	Бұл оқиғаға арналған дыбыс өшірулі.
✓ Предпросмотр звука:	✓ Sound preview:	✓ Soundvorschau:	✓ Aperçu du son :	✓ Vista previa del sonido:	✓ Podgląd dźwięku:	✓ Попередній перегляд звуку:	✓ Дыбысты алдын ала тыңдау:
✓ Предпросмотр:	✓ Preview:	✓ Vorschau:	✓ Aperçu :	✓ Vista previa:	✓ Podgląd:	✓ Попередній перегляд:	✓ Алдын ала қарау:
Не удалось показать частицу:	Failed to show the particle:	Partikel konnte nicht angezeigt werden:	Impossible d'afficher la particule :	No se pudo mostrar la partícula:	Nie udało się pokazać cząsteczki:	Не вдалося показати частинку:	Бөлшекті көрсету мүмкін болмады:
не выбраны	not selected	nicht ausgewählt	non sélectionné	no seleccionado	nie wybrano	не вибрано	таңдалмаған
и ещё	and more	und weitere	et encore	y más	i jeszcze	і ще	және тағы
тип	type	Typ	type	tipo	typ	тип	түр
типа	types	Typen	types	tipos	typy	типи	түрлер
типов	types	Typen	types	tipos	typów	типів	түр
Кастомные частицы / HEX	Custom particles / HEX	Eigene Partikel / HEX	Particules personnalisées / HEX	Partículas personalizadas / HEX	Własne cząsteczki / HEX	Кастомні частинки / HEX	Жеке бөлшектер / HEX
ЛКМ — ввести HEX	LMB — enter HEX	Linksklick — HEX eingeben	Clic gauche — saisir le HEX	Clic izq. — introducir HEX	LPM — wpisz HEX	ЛКМ — ввести HEX	СТБ — HEX енгізу
Собственные цвета DUST можно вводить прямо через чат.	Custom DUST colors can be entered directly via chat.	Eigene DUST-Farben können direkt über den Chat eingegeben werden.	Des couleurs DUST personnalisées peuvent être saisies directement via le chat.	Los colores DUST personalizados se pueden introducir directamente por chat.	Własne kolory DUST można wpisać bezpośrednio przez czat.	Власні кольори DUST можна вводити прямо через чат.	DUST жеке түстерін чат арқылы тікелей енгізуге болады.
Также доступны 16 цветов в палитре.	16 colors are also available in the palette.	Es stehen auch 16 Farben in der Palette zur Verfügung.	16 couleurs sont également disponibles dans la palette.	También hay 16 colores disponibles en la paleta.	W palecie dostępnych jest też 16 kolorów.	Також доступні 16 кольорів у палітрі.	Палитрада 16 түс те қолжетімді.
WorldGuard-регион: допустимая область спавна.	WorldGuard region: a valid spawn area.	WorldGuard-Region: gültiger Spawn-Bereich.	Région WorldGuard : zone d'apparition valide.	Región de WorldGuard: área de aparición válida.	Region WorldGuard: dozwolony obszar pojawiania się.	Регіон WorldGuard: допустима область спавну.	WorldGuard аймағы: спавнның жарамды аумағы.
WorldGuard-регионов нет	No WorldGuard regions	Keine WorldGuard-Regionen	Aucune région WorldGuard	No hay regiones de WorldGuard	Brak regionów WorldGuard	Регіонів WorldGuard немає	WorldGuard аймақтары жоқ
Добавьте регион через команду или WorldGuard.	Add a region via command or WorldGuard.	Füge eine Region per Befehl oder WorldGuard hinzu.	Ajoutez une région via une commande ou WorldGuard.	Añade una región mediante un comando o WorldGuard.	Dodaj region przez polecenie lub WorldGuard.	Додайте регіон через команду або WorldGuard.	Пәрмен немесе WorldGuard арқылы аймақ қосыңыз.
Добавить WorldGuard-регион	Add a WorldGuard region	WorldGuard-Region hinzufügen	Ajouter une région WorldGuard	Añadir una región de WorldGuard	Dodaj region WorldGuard	Додати регіон WorldGuard	WorldGuard аймағын қосу
ЛКМ — показать команду	LMB — show the command	Linksklick — Befehl anzeigen	Clic gauche — afficher la commande	Clic izq. — mostrar el comando	LPM — pokaż polecenie	ЛКМ — показати команду	СТБ — пәрменді көрсету
WorldEdit-область	WorldEdit area	WorldEdit-Bereich	Zone WorldEdit	Área de WorldEdit	Obszar WorldEdit	Область WorldEdit	WorldEdit аумағы
ЛКМ — использовать текущее выделение	LMB — use the current selection	Linksklick — aktuelle Auswahl verwenden	Clic gauche — utiliser la sélection actuelle	Clic izq. — usar la selección actual	LPM — użyj aktualnego zaznaczenia	ЛКМ — використати поточне виділення	СТБ — ағымдағы таңдауды пайдалану
задана	set	gesetzt	définie	definida	ustawiona	задана	орнатылған
Очистить все WG-регионы	Clear all WG regions	Alle WG-Regionen löschen	Effacer toutes les régions WG	Borrar todas las regiones WG	Wyczyść wszystkie regiony WG	Очистити всі WG-регіони	Барлық WG аймақтарын тазарту
Удалить все привязанные WG-регионы.	Remove all bound WG regions.	Alle verknüpften WG-Regionen entfernen.	Retirer toutes les régions WG associées.	Elimina todas las regiones WG vinculadas.	Usuń wszystkie powiązane regiony WG.	Видалити всі прив'язані WG-регіони.	Байланысқан барлық WG аймақтарын жою.
Назад к настройкам спавна.	Back to spawn settings.	Zurück zu den Spawn-Einstellungen.	Retour aux paramètres d'apparition.	Volver a los ajustes de aparición.	Powrót do ustawień pojawiania się.	Назад до налаштувань спавну.	Спавн баптауларына оралу.
← Спавн	← Spawn	← Spawn	← Apparition	← Aparición	← Pojawianie się	← Спавн	← Спавн
Состояние всех событий	Status of all events	Status aller Events	État de tous les événements	Estado de todos los eventos	Stan wszystkich wydarzeń	Стан усіх подій	Барлық оқиғалардың күйі
Событий пока нет	There are no events yet	Es gibt noch keine Events	Il n'y a pas encore d'événements	Aún no hay eventos	Nie ma jeszcze wydarzeń	Подій поки немає	Оқиғалар әлі жоқ
Создайте первый ивент в меню «Ивенты».	Create your first event in the "Events" menu.	Erstelle dein erstes Event im Menü „Events“.	Créez votre premier événement dans le menu « Événements ».	Crea tu primer evento en el menú «Eventos».	Utwórz pierwsze wydarzenie w menu „Wydarzenia”.	Створіть перший івент у меню «Івенти».	Алғашқы ивентіңізді «Ивенттер» мәзірінде жасаңыз.
ЕЖЕНЕДЕЛЬНО	WEEKLY	WÖCHENTLICH	HEBDOMADAIRE	SEMANAL	TYGODNIOWO	ЩОТИЖНЕВО	АПТА САЙЫН
Запусков:	Runs:	Ausführungen:	Exécutions :	Ejecuciones:	Uruchomienia:	Запусків:	Іске қосулар:
ЛКМ — открыть статистику	LMB — open statistics	Linksklick — Statistik öffnen	Clic gauche — ouvrir les statistiques	Clic izq. — abrir estadísticas	LPM — otwórz statystyki	ЛКМ — відкрити статистику	СТБ — статистиканы ашу
Последнее завершение:	Last completion:	Letzter Abschluss:	Dernière fin :	Última finalización:	Ostatnie zakończenie:	Останнє завершення:	Соңғы аяқталу:
Последний запуск:	Last run:	Letzte Ausführung:	Dernière exécution :	Última ejecución:	Ostatnie uruchomienie:	Останній запуск:	Соңғы іске қосу:
Собрано:	Collected:	Eingesammelt:	Ramassé :	Recogido:	Zebrano:	Зібрано:	Жиналды:
Игрок:	Player:	Spieler:	Joueur :	Jugador:	Gracz:	Гравець:	Ойыншы:
Награда:	Reward:	Belohnung:	Récompense :	Recompensa:	Nagroda:	Нагорода:	Сыйлық:
Никто ещё не собрал этот EventHead.	No one has collected this EventHead yet.	Noch niemand hat diesen EventHead eingesammelt.	Personne n'a encore ramassé cet EventHead.	Nadie ha recogido este EventHead todavía.	Nikt jeszcze nie zebrał tego EventHead.	Ще ніхто не зібрав цей EventHead.	Бұл EventHead-ты әлі ешкім жинаған жоқ.
Сборов пока нет	No collections yet	Noch keine Sammlungen	Aucune collecte pour le moment	Aún no hay recolecciones	Brak zebrań	Зборів поки немає	Жинақтар әлі жоқ
Вернуться к списку событий.	Return to the event list.	Zurück zur Event-Liste.	Revenir à la liste des événements.	Volver a la lista de eventos.	Wróć do listy wydarzeń.	Повернутися до списку подій.	Оқиғалар тізіміне оралу.
← Статистика	← Statistics	← Statistik	← Statistiques	← Estadísticas	← Statystyki	← Статистика	← Статистика
История	History	Verlauf	Historique	Historial	Historia	Історія	Тарих
Запуск	Run	Ausführung	Exécution	Ejecución	Uruchomienie	Запуск	Іске қосу
Причина:	Reason:	Grund:	Raison :	Motivo:	Powód:	Причина:	Себебі:
ещё идёт	still running	läuft noch	en cours	aún en curso	wciąż trwa	ще триває	әлі жүріп жатыр
Ивент ещё не запускался.	The event hasn't run yet.	Das Event wurde noch nicht ausgeführt.	L'événement n'a pas encore été exécuté.	El evento aún no se ha ejecutado.	Wydarzenie jeszcze się nie uruchomiło.	Івент ще не запускався.	Ивент әлі іске қосылған жоқ.
Истории пока нет	No history yet	Noch kein Verlauf	Aucun historique pour le moment	Aún no hay historial	Brak historii	Історії поки немає	Тарих әлі жоқ
неизвестно (старая точка)	unknown (old point)	unbekannt (alter Punkt)	inconnu (ancien point)	desconocido (punto antiguo)	nieznane (stary punkt)	невідомо (стара точка)	белгісіз (ескі нүкте)
Координаты:	Coordinates:	Koordinaten:	Coordonnées :	Coordenadas:	Współrzędne:	Координати:	Координаттар:
Поставил:	Placed by:	Gesetzt von:	Placé par :	Colocado por:	Postawił:	Поставив:	Қойған:
ЛКМ — изменить шанс	LMB — change the chance	Linksklick — Chance ändern	Clic gauche — modifier la chance	Clic izq. — cambiar la probabilidad	LPM — zmień szansę	ЛКМ — змінити шанс	СТБ — ықтималдықты өзгерту
ПКМ — удалить	RMB — delete	Rechtsklick — löschen	Clic droit — supprimer	Clic der. — eliminar	PPM — usuń	ПКМ — видалити	ОТБ — жою
Здесь показываются только ваши точки. Администратор/points-all видит все.	Only your points are shown here. An administrator/points-all sees everything.	Hier werden nur deine Punkte angezeigt. Ein Administrator/points-all sieht alles.	Seuls vos points sont affichés ici. Un administrateur/points-all voit tout.	Aquí solo se muestran tus puntos. Un administrador/points-all lo ve todo.	Tutaj pokazywane są tylko Twoje punkty. Administrator/points-all widzi wszystko.	Тут показано лише ваші точки. Адміністратор/points-all бачить усе.	Мұнда тек сіздің нүктелеріңіз көрсетіледі. Әкімші/points-all бәрін көреді.
Точек не видно	No points visible	Keine Punkte sichtbar	Aucun point visible	No hay puntos visibles	Brak widocznych punktów	Точок не видно	Көрінетін нүкте жоқ
Добавить точку	Add a point	Punkt hinzufügen	Ajouter un point	Añadir un punto	Dodaj punkt	Додати точку	Нүкте қосу
Получить инструмент точки для этого ивента.	Get the point tool for this event.	Erhalte das Punktwerkzeug für dieses Event.	Obtenez l'outil de points pour cet événement.	Obtén la herramienta de puntos para este evento.	Otrzymaj narzędzie punktów dla tego wydarzenia.	Отримати інструмент точок для цього івенту.	Осы ивент үшін нүкте құралын алу.
Инструмент блокировки мест для этого события.	A location-blocking tool for this event.	Ein Werkzeug zum Sperren von Orten für dieses Event.	Un outil de blocage d'emplacements pour cet événement.	Una herramienta de bloqueo de ubicaciones para este evento.	Narzędzie blokowania miejsc dla tego wydarzenia.	Інструмент блокування місць для цієї події.	Осы оқиға үшін орындарды бұғаттау құралы.
Мульти-инструмент точек	Multi-event point tool	Multi-Event-Punktwerkzeug	Outil de points multi-événements	Herramienta de puntos multievento	Narzędzie punktów wielu wydarzeń	Мульти-інструмент точок	Көп ивентті нүкте құралы
Привязать шкурку к нескольким событиям.	Bind the hide to several events.	Binde das Fell an mehrere Events.	Associer la peau à plusieurs événements.	Vincula el cuero a varios eventos.	Powiąż skórkę z kilkoma wydarzeniami.	Прив'язати шкурку до кількох подій.	Теріні бірнеше оқиғаға байлау.
Мои точки	My points	Meine Punkte	Mes points	Mis puntos	Moje punkty	Мої точки	Менің нүктелерім
Ваших точек:	Your points:	Deine Punkte:	Vos points :	Tus puntos:	Twoje punkty:	Ваших точок:	Сіздің нүктелеріңіз:
ЛКМ — открыть точки этого ивента	LMB — open this event's points	Linksklick — Punkte dieses Events öffnen	Clic gauche — ouvrir les points de cet événement	Clic izq. — abrir los puntos de este evento	LPM — otwórz punkty tego wydarzenia	ЛКМ — відкрити точки цього івенту	СТБ — осы ивенттің нүктелерін ашу
Нажмите, чтобы увидеть координаты и шанс каждой точки.	Click to see the coordinates and chance of each point.	Klicke, um die Koordinaten und die Chance jedes Punktes zu sehen.	Cliquez pour voir les coordonnées et la chance de chaque point.	Haz clic para ver las coordenadas y la probabilidad de cada punto.	Kliknij, aby zobaczyć współrzędne i szansę każdego punktu.	Натисніть, щоб побачити координати та шанс кожної точки.	Әр нүктенің координаттары мен ықтималдығын көру үшін басыңыз.
Поставьте первую точку через инструмент.	Place your first point using the tool.	Setze deinen ersten Punkt mit dem Werkzeug.	Placez votre premier point avec l'outil.	Coloca tu primer punto con la herramienta.	Postaw pierwszy punkt narzędziem.	Поставте першу точку за допомогою інструмента.	Алғашқы нүктеңізді құрал арқылы қойыңыз.
У вас нет точек	You have no points	Du hast keine Punkte	Vous n'avez aucun point	No tienes puntos	Nie masz punktów	У вас немає точок	Сізде нүкте жоқ
Выберите ивент для привязки шкурки.	Choose an event to bind the hide to.	Wähle ein Event, an das das Fell gebunden werden soll.	Choisissez un événement auquel associer la peau.	Elige un evento al que vincular el cuero.	Wybierz wydarzenie, z którym powiązać skórkę.	Виберіть подію для прив'язки шкурки.	Теріні байлау үшін оқиғаны таңдаңыз.
Инструмент точки	Point tool	Punktwerkzeug	Outil de points	Herramienta de puntos	Narzędzie punktów	Інструмент точки	Нүкте құралы
ЛКМ — выбрать ивент	LMB — choose an event	Linksklick — Event wählen	Clic gauche — choisir un événement	Clic izq. — elegir un evento	LPM — wybierz wydarzenie	ЛКМ — вибрати подію	СТБ — оқиғаны таңдау
Глобальный инструмент блокировки мест.	Global location-blocking tool.	Globales Werkzeug zum Sperren von Orten.	Outil global de blocage d'emplacements.	Herramienta global de bloqueo de ubicaciones.	Globalne narzędzie blokowania miejsc.	Глобальний інструмент блокування місць.	Орындарды бұғаттаудың жаһандық құралы.
ЛКМ — получить	LMB — get	Linksklick — erhalten	Clic gauche — obtenir	Clic izq. — obtener	LPM — otrzymaj	ЛКМ — отримати	СТБ — алу
Работает для всех событий.	Works for all events.	Funktioniert für alle Events.	Fonctionne pour tous les événements.	Funciona para todos los eventos.	Działa dla wszystkich wydarzeń.	Працює для всіх подій.	Барлық оқиғалар үшін жұмыс істейді.
Чёрный список	Blacklist	Sperrliste	Liste noire	Lista negra	Czarna lista	Чорний список	Қара тізім
ЛКМ — изменить через чат	LMB — change via chat	Linksklick — über den Chat ändern	Clic gauche — modifier via le chat	Clic izq. — cambiar por chat	LPM — zmień przez czat	ЛКМ — змінити через чат	СТБ — чат арқылы өзгерту
ПКМ — сбросить в X=0, Z=0	RMB — reset to X=0, Z=0	Rechtsklick — auf X=0, Z=0 zurücksetzen	Clic droit — réinitialiser à X=0, Z=0	Clic der. — restablecer a X=0, Z=0	PPM — zresetuj do X=0, Z=0	ПКМ — скинути на X=0, Z=0	ОТБ — X=0, Z=0-ге қалпына келтіру
Радиус ролей считается от этого центра.	The role radius is counted from this center.	Der Rollenradius wird von diesem Zentrum aus gezählt.	Le rayon des rôles est calculé depuis ce centre.	El radio de los roles se cuenta desde este centro.	Promień ról liczony jest od tego środka.	Радіус ролей рахується від цього центру.	Рөл радиусы осы орталықтан есептеледі.
Сейчас:	Now:	Jetzt:	Actuellement :	Ahora:	Teraz:	Зараз:	Қазір:
Центр постановки точек	Point placement center	Zentrum der Punktplatzierung	Centre de placement des points	Centro de colocación de puntos	Środek stawiania punktów	Центр встановлення точок	Нүктелерді орнату орталығы
Следующая →	Next →	Weiter →	Suivant →	Siguiente →	Dalej →	Наступна →	Келесі →
Страница	Page	Seite	Page	Página	Strona	Сторінка	Бет
← Предыдущая	← Previous	← Zurück	← Précédent	← Anterior	← Poprzednia	← Попередня	← Алдыңғы
Закрыть	Close	Schließen	Fermer	Cerrar	Zamknij	Закрити	Жабу
← Главное меню	← Main menu	← Hauptmenü	← Menu principal	← Menú principal	← Menu główne	← Головне меню	← Басты мәзір
Выбор ивента для точки	Choosing an event for the point	Event für den Punkt wählen	Choix de l'événement pour le point	Elección del evento para el punto	Wybór wydarzenia dla punktu	Вибір івенту для точки	Нүкте үшін ивентті таңдау
ЛКМ — получить инструмент	LMB — get the tool	Linksklick — Werkzeug erhalten	Clic gauche — obtenir l'outil	Clic izq. — obtener la herramienta	LPM — otrzymaj narzędzie	ЛКМ — отримати інструмент	СТБ — құралды алу
ПКМ — открыть мои точки	RMB — open my points	Rechtsklick — meine Punkte öffnen	Clic droit — ouvrir mes points	Clic der. — abrir mis puntos	PPM — otwórz moje punkty	ПКМ — відкрити мої точки	ОТБ — менің нүктелерімді ашу
← Мои точки	← My points	← Meine Punkte	← Mes points	← Mis puntos	← Moje punkty	← Мої точки	← Менің нүктелерім
ЛКМ — удалить	LMB — delete	Linksklick — löschen	Clic gauche — supprimer	Clic izq. — eliminar	LPM — usuń	ЛКМ — видалити	СТБ — жою
Место #	Location #	Ort #	Emplacement #	Ubicación #	Miejsce #	Місце #	Орын #
Запрещённых мест нет.	There are no blocked locations.	Es gibt keine gesperrten Orte.	Il n'y a aucun emplacement bloqué.	No hay ubicaciones bloqueadas.	Nie ma zablokowanych miejsc.	Заборонених місць немає.	Тыйым салынған орындар жоқ.
Список пуст	The list is empty	Die Liste ist leer	La liste est vide	La lista está vacía	Lista jest pusta	Список порожній	Тізім бос
Получить лапку	Get the foot	Pfote erhalten	Obtenir la patte	Obtener la pata	Otrzymaj łapkę	Отримати лапку	Табанды алу
Этот инструмент будет привязан к событию.	This tool will be bound to the event.	Dieses Werkzeug wird an das Event gebunden.	Cet outil sera associé à l'événement.	Esta herramienta se vinculará al evento.	To narzędzie zostanie powiązane z wydarzeniem.	Цей інструмент буде прив'язано до події.	Бұл құрал оқиғаға байланады.
Вернуться в основное меню ивента.	Return to the event's main menu.	Zurück zum Hauptmenü des Events.	Revenir au menu principal de l'événement.	Volver al menú principal del evento.	Wróć do głównego menu wydarzenia.	Повернутися до основного меню події.	Оқиғаның басты мәзіріне оралу.
← Обзор ивента	← Event overview	← Event-Übersicht	← Aperçu de l'événement	← Resumen del evento	← Przegląd wydarzenia	← Огляд події	← Ивентке шолу
Роли	Roles	Rollen	Rôles	Roles	Role	Ролі	Рөлдер
Вес:	Weight:	Gewicht:	Poids :	Peso:	Waga:	Вага:	Салмақ:
ЛКМ — редактировать	LMB — edit	Linksklick — bearbeiten	Clic gauche — modifier	Clic izq. — editar	LPM — edytuj	ЛКМ — редагувати	СТБ — өңдеу
Лимит точек:	Point limit:	Punktelimit:	Limite de points :	Límite de puntos:	Limit punktów:	Ліміт точок:	Нүкте лимиті:
ПКМ — назначить игрока	RMB — assign a player	Rechtsklick — Spieler zuweisen	Clic droit — attribuer un joueur	Clic der. — asignar un jugador	PPM — przypisz gracza	ПКМ — призначити гравця	ОТБ — ойыншыны тағайындау
Права:	Permissions:	Berechtigungen:	Permissions :	Permisos:	Uprawnienia:	Права:	Рұқсаттар:
Радиус:	Radius:	Radius:	Rayon :	Radio:	Promień:	Радіус:	Радиус:
Центр:	Center:	Zentrum:	Centre :	Centro:	Środek:	Центр:	Орталық:
без ограничения	unlimited	unbegrenzt	illimité	sin límite	bez ograniczeń	без обмеження	шексіз
блоков	blocks	Blöcke	blocs	bloques	bloków	блоків	блок
не используется	not used	nicht verwendet	non utilisé	no se usa	nieużywane	не використовується	пайдаланылмайды
Выберите права кликами и сохраните.	Select permissions with clicks and save.	Wähle Berechtigungen per Klick und speichere.	Sélectionnez les permissions par clics et enregistrez.	Selecciona los permisos con clics y guarda.	Wybierz uprawnienia kliknięciami i zapisz.	Виберіть права кліками та збережіть.	Рұқсаттарды басу арқылы таңдап, сақтаңыз.
Открыть визуальный конструктор.	Open the visual builder.	Öffne den visuellen Editor.	Ouvrir le constructeur visuel.	Abre el constructor visual.	Otwórz kreator wizualny.	Відкрити візуальний конструктор.	Көрнекі құрастырушыны ашу.
Создать роль	Create a role	Rolle erstellen	Créer un rôle	Crear un rol	Utwórz rolę	Створити роль	Рөл жасау
Искать сотрудника по нику или роли.	Search for a staff member by nickname or role.	Suche einen Mitarbeiter nach Nickname oder Rolle.	Rechercher un membre du personnel par pseudo ou rôle.	Busca a un miembro del personal por nick o rol.	Wyszukaj pracownika po nicku lub roli.	Пошук співробітника за ніком або роллю.	Қызметкерді ник немесе рөл бойынша іздеу.
ЛКМ — поиск	LMB — search	Linksklick — suchen	Clic gauche — rechercher	Clic izq. — buscar	LPM — szukaj	ЛКМ — пошук	СТБ — іздеу
Поиск игрока	Player search	Spielersuche	Recherche de joueur	Búsqueda de jugador	Wyszukiwanie gracza	Пошук гравця	Ойыншыны іздеу
Вернуться к списку сотрудников.	Return to the staff list.	Zurück zur Mitarbeiterliste.	Revenir à la liste du personnel.	Volver a la lista del personal.	Wróć do listy personelu.	Повернутися до списку співробітників.	Қызметкерлер тізіміне оралу.
← Сотрудники	← Staff	← Mitarbeiter	← Personnel	← Personal	← Personel	← Співробітники	← Қызметкерлер
Для встроенной роли ограничение не задано.	No limit is set for a built-in role.	Für eine integrierte Rolle ist kein Limit festgelegt.	Aucune limite n'est définie pour un rôle intégré.	No se establece un límite para un rol integrado.	Dla wbudowanej roli nie ustawiono ograniczenia.	Для вбудованої ролі обмеження не задано.	Кірістірілген рөл үшін шектеу белгіленбеген.
Лимит точек	Point limit	Punktelimit	Limite de points	Límite de puntos	Limit punktów	Ліміт точок	Нүкте лимиті
Радиус от центра	Radius from center	Radius vom Zentrum	Rayon depuis le centre	Radio desde el centro	Promień od środka	Радіус від центру	Орталықтан радиус
Запрещено	Forbidden	Verboten	Interdit	Prohibido	Zabronione	Заборонено	Тыйым салынған
Ключ:	Key:	Schlüssel:	Clé :	Clave:	Klucz:	Ключ:	Кілт:
Разрешено	Allowed	Erlaubt	Autorisé	Permitido	Dozwolone	Дозволено	Рұқсат етілген
Встроенная роль доступна только для просмотра.	A built-in role is view-only.	Eine integrierte Rolle ist nur ansehbar.	Un rôle intégré est en lecture seule.	Un rol integrado es solo de visualización.	Wbudowana rola jest tylko do podglądu.	Вбудована роль доступна лише для перегляду.	Кірістірілген рөл тек қарауға қолжетімді.
Права роли	Role permissions	Rollenberechtigungen	Permissions du rôle	Permisos del rol	Uprawnienia roli	Права ролі	Рөл рұқсаттары
Разрешено:	Allowed:	Erlaubt:	Autorisé :	Permitido:	Dozwolone:	Дозволено:	Рұқсат етілген:
все 20 прав	all 20 permissions	alle 20 Berechtigungen	les 20 permissions	los 20 permisos	wszystkie 20 uprawnień	усі 20 прав	барлық 20 рұқсат
← Роли	← Roles	← Rollen	← Rôles	← Roles	← Role	← Ролі	← Рөлдер
Роль не найдена.	Role not found.	Rolle nicht gefunden.	Rôle introuvable.	Rol no encontrado.	Nie znaleziono roli.	Роль не знайдено.	Рөл табылмады.
ID не меняется после создания.	The ID doesn't change after creation.	Die ID ändert sich nach der Erstellung nicht.	L'ID ne change pas après la création.	El ID no cambia después de crearse.	ID nie zmienia się po utworzeniu.	ID не змінюється після створення.	ID жасалғаннан кейін өзгермейді.
ID роли	Role ID	Rollen-ID	ID du rôle	ID del rol	ID roli	ID ролі	Рөл ID-і
Название	Name	Name	Nom	Nombre	Nazwa	Назва	Атауы
Вес	Weight	Gewicht	Poids	Peso	Waga	Вага	Салмақ
Иконка роли	Role icon	Rollensymbol	Icône du rôle	Icono del rol	Ikona roli	Іконка ролі	Рөл белгішесі
ЛКМ — выбрать предмет из инвентаря	LMB — pick an item from your inventory	Linksklick — Item aus dem Inventar wählen	Clic gauche — choisir un objet dans votre inventaire	Clic izq. — elegir un objeto de tu inventario	LPM — wybierz przedmiot z ekwipunku	ЛКМ — вибрати предмет з інвентаря	СТБ — инвентарьдан зат таңдау
Текущая:	Current:	Aktuell:	Actuel :	Actual:	Aktualna:	Поточна:	Ағымдағы:
Поставьте временный центр в «Мои точки».	Set a temporary center in "My points".	Lege ein temporäres Zentrum in „Meine Punkte“ fest.	Définissez un centre temporaire dans « Mes points ».	Establece un centro temporal en «Mis puntos».	Ustaw tymczasowy środek w „Moje punkty”.	Поставте тимчасовий центр у «Мої точки».	«Менің нүктелерім» бөлімінде уақытша орталық қойыңыз.
Текущий центр:	Current center:	Aktuelles Zentrum:	Centre actuel :	Centro actual:	Aktualny środek:	Поточний центр:	Ағымдағы орталық:
Центр	Center	Zentrum	Centre	Centro	Środek	Центр	Орталық
ЛКМ — переключить	LMB — toggle	Linksklick — umschalten	Clic gauche — basculer	Clic izq. — alternar	LPM — przełącz	ЛКМ — переключити	СТБ — ауыстыру
Выбрано:	Selected:	Ausgewählt:	Sélectionné :	Seleccionado:	Wybrano:	Вибрано:	Таңдалды:
Можно включить сразу несколько прав.	Several permissions can be enabled at once.	Es können gleichzeitig mehrere Berechtigungen aktiviert werden.	Plusieurs permissions peuvent être activées à la fois.	Se pueden activar varios permisos a la vez.	Można włączyć kilka uprawnień naraz.	Можна ввімкнути кілька прав одразу.	Бірнеше рұқсатты бірден қосуға болады.
Сохранить	Save	Speichern	Enregistrer	Guardar	Zapisz	Зберегти	Сақтау
Сохранить название, вес, права и лимиты.	Save the name, weight, permissions and limits.	Speichere Name, Gewicht, Berechtigungen und Limits.	Enregistrer le nom, le poids, les permissions et les limites.	Guarda el nombre, el peso, los permisos y los límites.	Zapisz nazwę, wagę, uprawnienia i limity.	Зберегти назву, вагу, права та ліміти.	Атауды, салмақты, рұқсаттар мен лимиттерді сақтау.
Кастомная роль будет удалена.	The custom role will be deleted.	Die benutzerdefinierte Rolle wird gelöscht.	Le rôle personnalisé sera supprimé.	El rol personalizado se eliminará.	Własna rola zostanie usunięta.	Власну роль буде видалено.	Жеке рөл жойылады.
Повторный клик подтверждает удаление.	Clicking again confirms the deletion.	Ein erneuter Klick bestätigt das Löschen.	Un nouveau clic confirme la suppression.	Al hacer clic de nuevo se confirma la eliminación.	Ponowne kliknięcie potwierdza usunięcie.	Повторний клік підтверджує видалення.	Қайта басу жоюды растайды.
Удалить роль	Delete role	Rolle löschen	Supprimer le rôle	Eliminar rol	Usuń rolę	Видалити роль	Рөлді жою
⚠ Нажмите ещё раз — удалить	⚠ Click again — delete	⚠ Nochmal klicken — löschen	⚠ Cliquez à nouveau — supprimer	⚠ Vuelve a hacer clic — eliminar	⚠ Kliknij ponownie — usuń	⚠ Натисніть ще раз — видалити	⚠ Тағы басыңыз — жою
Выберите несколько прав кликами.	Select several permissions by clicking.	Wähle mehrere Berechtigungen per Klick aus.	Sélectionnez plusieurs permissions par des clics.	Selecciona varios permisos haciendo clic.	Wybierz kilka uprawnień kliknięciami.	Виберіть кілька прав кліками.	Бірнеше рұқсатты басу арқылы таңдаңыз.
Ниже можно задать лимит точек и радиус.	Below you can set a point limit and radius.	Unten kannst du ein Punktelimit und einen Radius festlegen.	Ci-dessous, vous pouvez définir une limite de points et un rayon.	Debajo puedes establecer un límite de puntos y un radio.	Poniżej możesz ustawić limit punktów i promień.	Нижче можна задати ліміт точок і радіус.	Төменде нүкте лимиті мен радиусын орнатуға болады.
Создание кастомной роли	Creating a custom role	Erstellen einer benutzerdefinierten Rolle	Création d'un rôle personnalisé	Creación de un rol personalizado	Tworzenie własnej roli	Створення власної ролі	Жеке рөл жасау
Помощник	Helper	Helfer	Assistant	Ayudante	Pomocnik	Помічник	Көмекші
Создать роль с выбранными правами.	Create a role with the selected permissions.	Erstelle eine Rolle mit den ausgewählten Berechtigungen.	Créer un rôle avec les permissions sélectionnées.	Crea un rol con los permisos seleccionados.	Utwórz rolę z wybranymi uprawnieniami.	Створити роль з вибраними правами.	Таңдалған рұқсаттармен рөл жасау.
Сохранить роль	Save the role	Rolle speichern	Enregistrer le rôle	Guardar el rol	Zapisz rolę	Зберегти роль	Рөлді сақтау
Супер-администратор Dok_Si скрыт из списка сотрудников.	Super administrator Dok_Si is hidden from the staff list.	Superadministrator Dok_Si ist aus der Mitarbeiterliste ausgeblendet.	Le super-administrateur Dok_Si est masqué de la liste du personnel.	El superadministrador Dok_Si está oculto de la lista del personal.	Superadministrator Dok_Si jest ukryty z listy personelu.	Суперадміністратор Dok_Si прихований зі списку співробітників.	Dok_Si супер әкімшісі қызметкерлер тізімінен жасырылған.
Сотрудник	Staff member	Mitarbeiter	Membre du personnel	Miembro del personal	Pracownik	Співробітник	Қызметкер
Лимит своих точек:	Own point limit:	Eigenes Punktelimit:	Limite de points personnelle :	Límite de puntos propio:	Własny limit punktów:	Ліміт своїх точок:	Өз нүкте лимиті:
Радиус точек:	Point radius:	Punkteradius:	Rayon des points :	Radio de puntos:	Promień punktów:	Радіус точок:	Нүкте радиусы:
Роль EventHeads:	EventHeads role:	EventHeads-Rolle:	Rôle EventHeads :	Rol de EventHeads:	Rola EventHeads:	Роль EventHeads:	EventHeads рөлі:
Для встроенной роли не задаётся	Not set for a built-in role	Nicht festgelegt für eine integrierte Rolle	Non défini pour un rôle intégré	No definido para un rol integrado	Nieustawione dla wbudowanej roli	Не задано для вбудованої ролі	Кірістірілген рөл үшін орнатылмаған
ЛКМ — изменить лимит роли	LMB — change the role's limit	Linksklick — Limit der Rolle ändern	Clic gauche — modifier la limite du rôle	Clic izq. — cambiar el límite del rol	LPM — zmień limit roli	ЛКМ — змінити ліміт ролі	СТБ — рөл лимитін өзгерту
Сколько точек может иметь игрок этой роли.	How many points a player with this role can have.	Wie viele Punkte ein Spieler mit dieser Rolle haben kann.	Combien de points un joueur avec ce rôle peut avoir.	Cuántos puntos puede tener un jugador con este rol.	Ile punktów może mieć gracz z tą rolą.	Скільки точок може мати гравець цієї ролі.	Осы рөлдегі ойыншыда неше нүкте бола алады.
ЛКМ — изменить радиус роли	LMB — change the role's radius	Linksklick — Radius der Rolle ändern	Clic gauche — modifier le rayon du rôle	Clic izq. — cambiar el radio del rol	LPM — zmień promień roli	ЛКМ — змінити радіус ролі	СТБ — рөл радиусын өзгерту
Максимальное расстояние от центра постановки.	Maximum distance from the placement center.	Maximaler Abstand vom Platzierungszentrum.	Distance maximale depuis le centre de placement.	Distancia máxima desde el centro de colocación.	Maksymalna odległość od środka stawiania.	Максимальна відстань від центру встановлення.	Орнату орталығынан ең көп қашықтық.
ЛКМ — изменить центр	LMB — change the center	Linksklick — Zentrum ändern	Clic gauche — modifier le centre	Clic izq. — cambiar el centro	LPM — zmień środek	ЛКМ — змінити центр	СТБ — орталықты өзгерту
Общий временный центр для расчёта радиуса.	Shared temporary center for the radius calculation.	Gemeinsames temporäres Zentrum für die Radiusberechnung.	Centre temporaire commun pour le calcul du rayon.	Centro temporal compartido para el cálculo del radio.	Wspólny tymczasowy środek do obliczania promienia.	Спільний тимчасовий центр для розрахунку радіуса.	Радиусты есептеу үшін ортақ уақытша орталық.
Только просмотр — нет права settings	View only — no settings permission	Nur Ansicht — keine Berechtigung settings	Lecture seule — pas de permission settings	Solo lectura — sin permiso settings	Tylko podgląd — brak uprawnienia settings	Лише перегляд — немає права settings	Тек қарау — settings рұқсаты жоқ
Центр постановки	Placement center	Platzierungszentrum	Centre de placement	Centro de colocación	Środek stawiania	Центр встановлення	Орнату орталығы
Раздел:	Section:	Bereich:	Section :	Sección:	Sekcja:	Розділ:	Бөлім:
В роли:	In the role:	In der Rolle:	Dans le rôle :	En el rol:	W roli:	У ролі:	Рөлде:
Индивидуальное право:	Individual permission:	Individuelle Berechtigung:	Permission individuelle :	Permiso individual:	Uprawnienie indywidualne:	Індивідуальне право:	Жеке рұқсат:
Итог:	Result:	Ergebnis:	Résultat :	Resultado:	Wynik:	Підсумок:	Қорытынды:
ЛКМ — индивидуально переключить	LMB — toggle individually	Linksklick — individuell umschalten	Clic gauche — basculer individuellement	Clic izq. — alternar individualmente	LPM — przełącz indywidualnie	ЛКМ — індивідуально переключити	СТБ — жеке ауыстыру
есть	yes	ja	oui	sí	tak	є	бар
запретить	forbid	verbieten	interdire	prohibir	zabroń	заборонити	тыйым салу
нет	no	nein	non	no	nie	немає	жоқ
разрешить	allow	erlauben	autoriser	permitir	zezwól	дозволити	рұқсат ету
Вернуться к списку.	Return to the list.	Zurück zur Liste.	Revenir à la liste.	Volver a la lista.	Wróć do listy.	Повернутися до списку.	Тізімге оралу.
Вернуться в центр управления.	Return to the control center.	Zurück zum Kontrollzentrum.	Revenir au centre de contrôle.	Volver al centro de control.	Wróć do centrum sterowania.	Повернутися до центру керування.	Басқару орталығына оралу.
ЛКМ — ввод в чат	LMB — enter via chat	Linksklick — über den Chat eingeben	Clic gauche — saisir via le chat	Clic izq. — introducir por chat	LPM — wpisz przez czat	ЛКМ — ввід у чат	СТБ — чатқа енгізу
ЛКМ — права	LMB — permissions	Linksklick — Berechtigungen	Clic gauche — permissions	Clic izq. — permisos	LPM — uprawnienia	ЛКМ — права	СТБ — рұқсаттар
Найти сотрудника.	Find a staff member.	Finde einen Mitarbeiter.	Rechercher un membre du personnel.	Busca a un miembro del personal.	Znajdź pracownika.	Знайти співробітника.	Қызметкерді табу.
Ничего не найдено	Nothing found	Nichts gefunden	Rien trouvé	No se encontró nada	Nic nie znaleziono	Нічого не знайдено	Ештеңе табылмады
ПКМ — удалить из EventHeads (двойное подтверждение)	RMB — remove from EventHeads (double confirmation)	Rechtsklick — aus EventHeads entfernen (doppelte Bestätigung)	Clic droit — retirer d'EventHeads (double confirmation)	Clic der. — eliminar de EventHeads (doble confirmación)	PPM — usuń z EventHeads (podwójne potwierdzenie)	ПКМ — видалити з EventHeads (подвійне підтвердження)	ОТБ — EventHeads-тен жою (қос растау)
Поиск	Search	Suche	Recherche	Búsqueda	Wyszukiwanie	Пошук	Іздеу
Поиск:	Search:	Suche:	Recherche :	Búsqueda:	Wyszukiwanie:	Пошук:	Іздеу:
Попробуйте другую часть ника или ID роли.	Try another part of the nickname or the role ID.	Versuche einen anderen Teil des Nicknamens oder die Rollen-ID.	Essayez une autre partie du pseudo ou l'ID du rôle.	Prueba con otra parte del nick o el ID del rol.	Spróbuj innej części nicku lub ID roli.	Спробуйте іншу частину ніка або ID ролі.	Никтің басқа бөлігін немесе рөл ID-ін көріңіз.
Создание и редактирование ролей.	Creating and editing roles.	Erstellen und Bearbeiten von Rollen.	Création et modification des rôles.	Creación y edición de roles.	Tworzenie i edycja ról.	Створення та редагування ролей.	Рөлдерді жасау және өңдеу.
Сотрудники	Staff	Mitarbeiter	Personnel	Personal	Personel	Співробітники	Қызметкерлер
Длительность:	Duration:	Dauer:	Durée :	Duración:	Czas trwania:	Тривалість:	Ұзақтығы:
Начало:	Start:	Start:	Début :	Inicio:	Początek:	Початок:	Басталуы:
Окончание:	End:	Ende:	Fin :	Fin:	Koniec:	Кінець:	Аяқталуы:
Расписание:	Schedule:	Zeitplan:	Planning :	Horario:	Harmonogram:	Розклад:	Кесте:
Статус:	Status:	Status:	Statut :	Estado:	Status:	Статус:	Күй:
не задано	not set	nicht festgelegt	non défini	no definido	nie ustawiono	не задано	орнатылмаған
До начала:	Until start:	Bis Start:	Avant le début :	Hasta el inicio:	Do rozpoczęcia:	До початку:	Басталуға дейін:
До окончания:	Until end:	Bis Ende:	Avant la fin :	Hasta el fin:	Do zakończenia:	До завершення:	Аяқталуға дейін:
д	d	T	j	d	d	д	к
м	m	m	m	m	m	м	м
н	w	W	sem	sem	tyg	т	апта
с	s	s	s	s	s	с	с
ч	h	h	h	h	h	г	с
Еженедельно:	Weekly:	Wöchentlich:	Hebdomadaire :	Semanal:	Tygodniowo:	Щотижня:	Апта сайын:
в	at	um	à	a las	o	о	сағат
Идёт сейчас:	Running now:	Läuft gerade:	En cours maintenant :	En curso ahora:	Trwa teraz:	Триває зараз:	Қазір жүріп жатыр:
до завершения	until the end	bis zum Ende	jusqu'à la fin	hasta el final	do końca	до завершення	аяқталғанға дейін
Следующий запуск через:	Next run in:	Nächste Ausführung in:	Prochaine exécution dans :	Próxima ejecución en:	Następne uruchomienie za:	Наступний запуск через:	Келесі іске қосу:
Длительность одного запуска:	Duration of one run:	Dauer einer Ausführung:	Durée d'une exécution :	Duración de una ejecución:	Czas trwania jednego uruchomienia:	Тривалість одного запуску:	Бір іске қосудың ұзақтығы:
ожидает следующего запуска	waiting for the next run	wartet auf die nächste Ausführung	en attente de la prochaine exécution	esperando la próxima ejecución	czeka na następne uruchomienie	очікує наступного запуску	келесі іске қосуды күтуде
сейчас активно	active now	jetzt aktiv	actif maintenant	activo ahora	aktywne teraz	зараз активно	қазір белсенді
Пример: суббота 20:00 | 1h	Example: saturday 20:00 | 1h	Beispiel: Samstag 20:00 | 1h	Exemple : samedi 20:00 | 1h	Ejemplo: sábado 20:00 | 1h	Przykład: sobota 20:00 | 1h	Приклад: субота 20:00 | 1h	Мысалы: сенбі 20:00 | 1h
Ввод: 2026-09-10 18:00 | 2026-09-17 23:59	Input: 2026-09-10 18:00 | 2026-09-17 23:59	Eingabe: 2026-09-10 18:00 | 2026-09-17 23:59	Saisie : 2026-09-10 18:00 | 2026-09-17 23:59	Entrada: 2026-09-10 18:00 | 2026-09-17 23:59	Wpis: 2026-09-10 18:00 | 2026-09-17 23:59	Ввід: 2026-09-10 18:00 | 2026-09-17 23:59	Енгізу: 2026-09-10 18:00 | 2026-09-17 23:59
Ввод: 2d | 1d = через 2 дня + 1 день длительности	Input: 2d | 1d = in 2 days + 1 day duration	Eingabe: 2d | 1d = in 2 Tagen + 1 Tag Dauer	Saisie : 2d | 1d = dans 2 jours + 1 jour de durée	Entrada: 2d | 1d = en 2 días + 1 día de duración	Wpis: 2d | 1d = za 2 dni + 1 dzień czasu trwania	Ввід: 2d | 1d = через 2 дні + 1 день тривалості	Енгізу: 2d | 1d = 2 күннен кейін + 1 күн ұзақтығы
Старт:	Start:	Start:	Début :	Inicio:	Start:	Старт:	Старт:
не задан	not set	nicht festgelegt	non défini	no definido	nieustawiony	не задано	орнатылмаған
Дата начала:	Start date:	Startdatum:	Date de début :	Fecha de inicio:	Data rozpoczęcia:	Дата початку:	Басталу күні:
Дата окончания:	End date:	Enddatum:	Date de fin :	Fecha de fin:	Data zakończenia:	Дата завершення:	Аяқталу күні:
(уже началось)	(already started)	(bereits begonnen)	(déjà commencé)	(ya iniciado)	(już się rozpoczęło)	(уже почалось)	(бұрыннан басталған)
0н 0д 0ч 0м 0с	0w 0d 0h 0m 0s	0W 0T 0h 0m 0s	0sem 0j 0h 0m 0s	0sem 0d 0h 0m 0s	0tyg 0d 0h 0m 0s	0т 0д 0г 0х 0с	0апт 0к 0с 0м 0с
(завершено)	(finished)	(beendet)	(terminé)	(finalizado)	(zakończone)	(завершено)	(аяқталды)
ЛКМ — настроить расписание	LMB — configure the schedule	Linksklick — Zeitplan konfigurieren	Clic gauche — configurer le planning	Clic izq. — configurar el horario	LPM — skonfiguruj harmonogram	ЛКМ — налаштувати розклад	СТБ — кестені баптау
ПКМ — отключить недельное расписание	RMB — disable the weekly schedule	Rechtsklick — wöchentlichen Zeitplan deaktivieren	Clic droit — désactiver le planning hebdomadaire	Clic der. — desactivar el horario semanal	PPM — wyłącz harmonogram tygodniowy	ПКМ — вимкнути щотижневий розклад	ОТБ — апталық кестені өшіру
Расписание	Schedule	Zeitplan	Planning	Horario	Harmonogram	Розклад	Кесте
Анимация	Animation	Animation	Animation	Animación	Animacja	Анімація	Анимация
Награды	Rewards	Belohnungen	Récompenses	Recompensas	Nagrody	Нагороди	Сыйлықтар
Общие	General	Allgemein	Général	General	Ogólne	Загальні	Жалпы
Спавн	Spawn	Spawn	Apparition	Aparición	Pojawianie się	Спавн	Спавн
Условия сбора	Collection conditions	Sammelbedingungen	Conditions de collecte	Condiciones de recolección	Warunki zbierania	Умови збору	Жинау шарттары
воскресенье	Sunday	Sonntag	dimanche	domingo	niedziela	неділя	жексенбі
вторник	Tuesday	Dienstag	mardi	martes	wtorek	вівторок	сейсенбі
понедельник	Monday	Montag	lundi	lunes	poniedziałek	понеділок	дүйсенбі
пятница	Friday	Freitag	vendredi	viernes	piątek	п'ятниця	жұма
среда	Wednesday	Mittwoch	mercredi	miércoles	środa	середа	сәрсенбі
суббота	Saturday	Samstag	samedi	sábado	sobota	субота	сенбі
четверг	Thursday	Donnerstag	jeudi	jueves	czwartek	четвер	бейсенбі
административные операции EventHeads	administrative EventHeads operations	administrative EventHeads-Operationen	opérations administratives EventHeads	operaciones administrativas de EventHeads	operacje administracyjne EventHeads	адміністративні операції EventHeads	EventHeads әкімшілік әрекеттері
включать/выключать расписание	enable/disable the schedule	Zeitplan aktivieren/deaktivieren	activer/désactiver le planning	activar/desactivar el horario	włącz/wyłącz harmonogram	вмикати/вимикати розклад	кестені қосу/өшіру
диагностика и reload	diagnostics and reload	Diagnose und Neuladen	diagnostic et rechargement	diagnóstico y recarga	diagnostyka i przeładowanie	діагностика та перезавантаження	диагностика және қайта жүктеу
импортировать событие	import an event	Event importieren	importer un événement	importar un evento	importuj wydarzenie	імпортувати подію	оқиғаны импорттау
получать уведомления о срабатываниях Anti-ESP	receive Anti-ESP trigger notifications	Anti-ESP-Auslösungsbenachrichtigungen erhalten	recevoir les notifications de déclenchement Anti-ESP	recibir notificaciones de activación de Anti-ESP	otrzymuj powiadomienia o wyzwoleniach Anti-ESP	отримувати сповіщення про спрацювання Anti-ESP	Anti-ESP іске қосылу хабарландыруларын алу
получать/выдавать EventHeads	receive/give EventHeads	EventHeads erhalten/ausgeben	recevoir/donner des EventHeads	recibir/entregar EventHeads	otrzymuj/wydawaj EventHeads	отримувати/видавати EventHeads	EventHeads алу/беру
просматривать журнал действий сотрудников в GUI	view the staff action log in the GUI	Aktionsprotokoll der Mitarbeiter in der GUI ansehen	consulter le journal des actions du personnel dans l'interface	ver el registro de acciones del personal en la GUI	przeglądaj dziennik działań personelu w GUI	переглядати журнал дій співробітників у GUI	GUI-де қызметкерлер әрекеттерінің журналын қарау
просматривать меню и список ивентов	view the menu and event list	Menü und Event-Liste ansehen	consulter le menu et la liste des événements	ver el menú y la lista de eventos	przeglądaj menu i listę wydarzeń	переглядати меню та список подій	мәзір мен оқиғалар тізімін қарау
просматривать статистику	view statistics	Statistik ansehen	consulter les statistiques	ver estadísticas	przeglądaj statystyki	переглядати статистику	статистиканы қарау
редактировать и удалять любые точки, независимо от владельца	edit and delete any points, regardless of owner	beliebige Punkte bearbeiten und löschen, unabhängig vom Besitzer	modifier et supprimer n'importe quel point, quel que soit le propriétaire	editar y eliminar cualquier punto, sin importar el propietario	edytuj i usuwaj dowolne punkty, niezależnie od właściciela	редагувати та видаляти будь-які точки, незалежно від власника	иесіне қарамастан кез келген нүктені өңдеу және жою
редактировать настройки	edit settings	Einstellungen bearbeiten	modifier les paramètres	editar ajustes	edytuj ustawienia	редагувати налаштування	баптауларды өңдеу
создавать и дублировать ивенты из шаблонов	create and duplicate events from templates	Events aus Vorlagen erstellen und duplizieren	créer et dupliquer des événements à partir de modèles	crear y duplicar eventos a partir de plantillas	twórz i duplikuj wydarzenia z szablonów	створювати та дублювати івенти з шаблонів	үлгілерден ивенттер жасау және көшіру
создавать новые события	create new events	neue Events erstellen	créer de nouveaux événements	crear nuevos eventos	twórz nowe wydarzenia	створювати нові події	жаңа оқиғалар жасау
специальное право EventHeads	a special EventHeads permission	eine spezielle EventHeads-Berechtigung	une permission spéciale EventHeads	un permiso especial de EventHeads	specjalne uprawnienie EventHeads	спеціальне право EventHeads	арнайы EventHeads рұқсаты
ставить точки, чёрный список и использовать инструменты	place points, blacklist and use tools	Punkte, Sperrliste setzen und Werkzeuge verwenden	placer des points, une liste noire et utiliser les outils	colocar puntos, lista negra y usar herramientas	stawiaj punkty, czarną listę i używaj narzędzi	ставити точки, чорний список та використовувати інструменти	нүктелер, қара тізім қою және құралдарды пайдалану
тестировать спавн	test spawning	Spawnen testen	tester l'apparition	probar la aparición	testuj pojawianie się	тестувати спавн	спавнды сынау
удалять активные экземпляры без награды	delete active instances without a reward	aktive Instanzen ohne Belohnung löschen	supprimer les instances actives sans récompense	eliminar instancias activas sin recompensa	usuń aktywne instancje bez nagrody	видаляти активні екземпляри без нагороди	сыйлықсыз белсенді даналарды жою
удалять события	delete events	Events löschen	supprimer des événements	eliminar eventos	usuń wydarzenia	видаляти події	оқиғаларды жою
управлять сотрудниками и ролями; выдавать доступ другим игрокам	manage staff and roles; grant access to other players	Mitarbeiter und Rollen verwalten; anderen Spielern Zugriff gewähren	gérer le personnel et les rôles ; accorder l'accès à d'autres joueurs	gestionar personal y roles; conceder acceso a otros jugadores	zarządzaj personelem i rolami; nadawaj dostęp innym graczom	керувати співробітниками та ролями; надавати доступ іншим гравцям	қызметкерлер мен рөлдерді басқару; басқа ойыншыларға қолжетімділік беру
управлять спавном	manage spawning	Spawn verwalten	gérer l'apparition	gestionar la aparición	zarządzaj pojawianiem się	керувати спавном	спавнды басқару
экспортировать событие	export an event	Event exportieren	exporter un événement	exportar un evento	eksportuj wydarzenie	експортувати подію	оқиғаны экспорттау
Введите новый текст.	Enter the new text.	Gib den neuen Text ein.	Saisissez le nouveau texte.	Introduce el nuevo texto.	Wpisz nowy tekst.	Введіть новий текст.	Жаңа мәтінді енгізіңіз.
• Текст шаблона	• Template text	• Vorlagentext	• Texte du modèle	• Texto de la plantilla	• Tekst szablonu	• Текст шаблону	• Үлгі мәтіні
= старт через 2 дня и длительность 1 день.	= starts in 2 days and lasts 1 day.	= startet in 2 Tagen und dauert 1 Tag.	= commence dans 2 jours et dure 1 jour.	= empieza en 2 días y dura 1 día.	= zaczyna się za 2 dni i trwa 1 dzień.	= старт через 2 дні і тривалість 1 день.	= 2 күннен кейін басталып, 1 күн жүреді.
Или относительный формат:	Or a relative format:	Oder ein relatives Format:	Ou un format relatif :	O un formato relativo:	Lub format względny:	Або відносний формат:	Немесе салыстырмалы формат:
Можно указать только начало.	Only the start can be specified.	Es kann nur der Start angegeben werden.	Seul le début peut être spécifié.	Solo se puede indicar el inicio.	Można podać tylko początek.	Можна вказати лише початок.	Тек басталуын көрсетуге болады.
Формат даты:	Date format:	Datumsformat:	Format de date :	Formato de fecha:	Format daty:	Формат дати:	Күн форматы:
• Настройка расписания	• Schedule configuration	• Zeitplan-Konfiguration	• Configuration du planning	• Configuración del horario	• Konfiguracja harmonogramu	• Налаштування розкладу	• Кестені баптау
Введите число	Enter a number	Gib eine Zahl ein	Saisissez un nombre	Introduce un número	Wpisz liczbę	Введіть число	Санды енгізіңіз
— использовать глобальную настройку.	— use the global setting.	— die globale Einstellung verwenden.	— utiliser le paramètre global.	— usar el ajuste global.	— użyj ustawienia globalnego.	— використати глобальне налаштування.	— жаһандық баптауды пайдалану.
• Количество частиц	• Particle count	• Partikelanzahl	• Nombre de particules	• Cantidad de partículas	• Liczba cząsteczek	• Кількість частинок	• Бөлшектер саны
Формат:	Format:	Format:	Format :	Formato:	Format:	Формат:	Формат:
• Один HEX-цвет	• A single HEX color	• Eine einzelne HEX-Farbe	• Une seule couleur HEX	• Un solo color HEX	• Jeden kolor HEX	• Один HEX-колір	• Бір HEX түсі
. Тип частиц автоматически станет DUST.	. The particle type will automatically become DUST.	. Der Partikeltyp wird automatisch zu DUST.	. Le type de particule deviendra automatiquement DUST.	. El tipo de partícula se convertirá automáticamente en DUST.	. Typ cząsteczek automatycznie stanie się DUST.	. Тип частинок автоматично стане DUST.	. Бөлшек түрі автоматты түрде DUST-қа айналады.
Введите цвета через запятую:	Enter colors separated by commas:	Gib Farben durch Kommas getrennt ein:	Saisissez des couleurs séparées par des virgules :	Introduce colores separados por comas:	Wpisz kolory oddzielone przecinkami:	Введіть кольори через кому:	Түстерді үтірмен бөліп енгізіңіз:
• Несколько HEX-цветов	• Several HEX colors	• Mehrere HEX-Farben	• Plusieurs couleurs HEX	• Varios colores HEX	• Kilka kolorów HEX	• Кілька HEX-кольорів	• Бірнеше HEX түсі
Введите один или несколько цветов через запятую:	Enter one or several colors separated by commas:	Gib eine oder mehrere Farben durch Kommas getrennt ein:	Saisissez une ou plusieurs couleurs séparées par des virgules :	Introduce uno o varios colores separados por comas:	Wpisz jeden lub kilka kolorów oddzielonych przecinkami:	Введіть один або кілька кольорів через кому:	Бір немесе бірнеше түсті үтірмен бөліп енгізіңіз:
Уже выбранные в палитре цвета	Colors already selected in the palette	Bereits in der Palette ausgewählte Farben	Les couleurs déjà sélectionnées dans la palette	Los colores ya seleccionados en la paleta	Kolory już wybrane w palecie	Уже вибрані в палітрі кольори	Палитрада бұрын таңдалған түстер
не будут удалены	will not be removed	werden nicht entfernt	ne seront pas retirées	no se eliminarán	nie zostaną usunięte	не буде видалено	жойылмайды
— этот цвет добавится к ним.	— this color will be added to them.	— diese Farbe wird ihnen hinzugefügt.	— cette couleur leur sera ajoutée.	— este color se añadirá a ellos.	— ten kolor zostanie do nich dodany.	— цей колір додасться до них.	— бұл түс оларға қосылады.
• Добавить свой HEX-цвет	• Add a custom HEX color	• Eigene HEX-Farbe hinzufügen	• Ajouter une couleur HEX personnalisée	• Añadir un color HEX personalizado	• Dodaj własny kolor HEX	• Додати власний HEX-колір	• Жеке HEX түсін қосу
Тип частиц выбирается кликом по предмету в меню. Вводить название в чат не нужно.	The particle type is selected by clicking an item in the menu. There is no need to type a name in chat.	Der Partikeltyp wird durch Klicken auf ein Item im Menü ausgewählt. Es ist nicht nötig, einen Namen im Chat einzugeben.	Le type de particule se choisit en cliquant sur un objet dans le menu. Il n'est pas nécessaire de saisir un nom dans le chat.	El tipo de partícula se elige haciendo clic en un objeto del menú. No hace falta escribir un nombre en el chat.	Typ cząsteczek wybiera się klikając przedmiot w menu. Nie trzeba wpisywać nazwy na czacie.	Тип частинок вибирається кліком по предмету в меню. Вводити назву в чат не потрібно.	Бөлшек түрі мәзірдегі затты басу арқылы таңдалады. Чатқа атау енгізудің қажеті жоқ.
• Тип частиц	• Particle type	• Partikeltyp	• Type de particule	• Tipo de partícula	• Typ cząsteczek	• Тип частинок	• Бөлшек түрі
Длительность: 30m, 1h, 2h и т.п.	Duration: 30m, 1h, 2h, etc.	Dauer: 30m, 1h, 2h usw.	Durée : 30m, 1h, 2h, etc.	Duración: 30m, 1h, 2h, etc.	Czas trwania: 30m, 1h, 2h itd.	Тривалість: 30m, 1h, 2h тощо.	Ұзақтығы: 30m, 1h, 2h т.б.
Например: каждую субботу в 20:00 на 1 час.	For example: every Saturday at 20:00 for 1 hour.	Zum Beispiel: jeden Samstag um 20:00 für 1 Stunde.	Par exemple : tous les samedis à 20h00 pendant 1 heure.	Por ejemplo: cada sábado a las 20:00 durante 1 hora.	Na przykład: co sobotę o 20:00 przez 1 godzinę.	Наприклад: щосуботи о 20:00 на 1 годину.	Мысалы: әр сенбіде сағат 20:00-де 1 сағатқа.
• Еженедельный запуск	• Weekly run	• Wöchentliche Ausführung	• Exécution hebdomadaire	• Ejecución semanal	• Uruchamianie cotygodniowe	• Щотижневий запуск	• Апта сайынғы іске қосу
Например: каждый день в 20:00 на 1 час.	For example: every day at 20:00 for 1 hour.	Zum Beispiel: jeden Tag um 20:00 für 1 Stunde.	Par exemple : tous les jours à 20h00 pendant 1 heure.	Por ejemplo: cada día a las 20:00 durante 1 hora.	Na przykład: codziennie o 20:00 przez 1 godzinę.	Наприклад: щодня о 20:00 на 1 годину.	Мысалы: күн сайын сағат 20:00-де 1 сағатқа.
Формат: 20:00 | 1h	Format: 20:00 | 1h	Format: 20:00 | 1h	Format : 20:00 | 1h	Formato: 20:00 | 1h	Format: 20:00 | 1h	Формат: 20:00 | 1h	Формат: 20:00 | 1h
• Ежедневный запуск	• Daily run	• Tägliche Ausführung	• Exécution quotidienne	• Ejecución diaria	• Uruchamianie codzienne	• Щоденний запуск	• Күнделікті іске қосу
Введите имя мира или any.	Enter the world name or any.	Gib den Weltnamen oder any ein.	Saisissez le nom du monde ou any.	Introduce el nombre del mundo o any.	Wpisz nazwę świata lub any.	Введіть назву світу або any.	Әлем атауын немесе any енгізіңіз.
• Мир	• World	• Welt	• Monde	• Mundo	• Świat	• Світ	• Әлем
Введите диапазон тиков, например 6000-18000.	Enter a tick range, for example 6000-18000.	Gib einen Tick-Bereich ein, zum Beispiel 6000-18000.	Saisissez une plage de ticks, par exemple 6000-18000.	Introduce un rango de ticks, por ejemplo 6000-18000.	Wpisz zakres ticków, na przykład 6000-18000.	Введіть діапазон тіків, наприклад 6000-18000.	Тик диапазонын енгізіңіз, мысалы 6000-18000.
• Время мира	• World time	• Weltzeit	• Heure du monde	• Hora del mundo	• Czas świata	• Час світу	• Әлем уақыты
Например PUMPKIN или CARVED_PUMPKIN. empty — снять требование.	For example PUMPKIN or CARVED_PUMPKIN. empty — remove the requirement.	Zum Beispiel PUMPKIN oder CARVED_PUMPKIN. empty — Anforderung entfernen.	Par exemple PUMPKIN ou CARVED_PUMPKIN. empty — retirer l'exigence.	Por ejemplo PUMPKIN o CARVED_PUMPKIN. empty: quitar el requisito.	Na przykład PUMPKIN lub CARVED_PUMPKIN. empty — usuń wymóg.	Наприклад PUMPKIN або CARVED_PUMPKIN. empty — зняти вимогу.	Мысалы PUMPKIN немесе CARVED_PUMPKIN. empty — талапты алып тастау.
• Шлем	• Helmet	• Helm	• Casque	• Casco	• Hełm	• Шолом	• Дулыға
Например GOLD_INGOT. empty — снять требование.	For example GOLD_INGOT. empty — remove the requirement.	Zum Beispiel GOLD_INGOT. empty — Anforderung entfernen.	Par exemple GOLD_INGOT. empty — retirer l'exigence.	Por ejemplo GOLD_INGOT. empty: quitar el requisito.	Na przykład GOLD_INGOT. empty — usuń wymóg.	Наприклад GOLD_INGOT. empty — зняти вимогу.	Мысалы GOLD_INGOT. empty — талапты алып тастау.
• Предмет	• Item	• Item	• Objet	• Objeto	• Przedmiot	• Предмет	• Зат
Вы не можете собрать: наденьте тыкву.	You can't collect: put on a pumpkin.	Du kannst nicht einsammeln: Setze einen Kürbis auf.	Vous ne pouvez pas ramasser : mettez une citrouille.	No puedes recoger: ponte una calabaza.	Nie możesz zebrać: załóż dynię.	Ви не можете зібрати: наденьте гарбуз.	Жинай алмайсыз: асқабақ киіңіз.
• Сообщение отказа	• Refusal message	• Ablehnungsnachricht	• Message de refus	• Mensaje de rechazo	• Wiadomość odmowy	• Повідомлення відмови	• Бас тарту хабары
Сколько монет снять при невыполненном условии. 0 — без штрафа.	How many coins to deduct if the condition isn't met. 0 — no penalty.	Wie viele Münzen abgezogen werden, wenn die Bedingung nicht erfüllt ist. 0 — keine Strafe.	Combien de pièces déduire si la condition n'est pas remplie. 0 — pas de pénalité.	Cuántas monedas deducir si no se cumple la condición. 0: sin penalización.	Ile monet odjąć, jeśli warunek nie jest spełniony. 0 — bez kary.	Скільки монет списати при невиконаній умові. 0 — без штрафу.	Шарт орындалмаса, қанша монета шегеру керек. 0 — айыппұлсыз.
• Штраф	• Penalty	• Strafe	• Pénalité	• Penalización	• Kara	• Штраф	• Айыппұл
Например ENTITY_PLAYER_LEVELUP. empty — глобальный звук.	For example ENTITY_PLAYER_LEVELUP. empty — global sound.	Zum Beispiel ENTITY_PLAYER_LEVELUP. empty — globaler Sound.	Par exemple ENTITY_PLAYER_LEVELUP. empty — son global.	Por ejemplo ENTITY_PLAYER_LEVELUP. empty: sonido global.	Na przykład ENTITY_PLAYER_LEVELUP. empty — dźwięk globalny.	Наприклад ENTITY_PLAYER_LEVELUP. empty — глобальний звук.	Мысалы ENTITY_PLAYER_LEVELUP. empty — жаһандық дыбыс.
• Звук	• Sound	• Sound	• Son	• Sonido	• Dźwięk	• Звук	• Дыбыс
• Громкость	• Volume	• Lautstärke	• Volume	• Volumen	• Głośność	• Гучність	• Дыбыс деңгейі
• Тон	• Pitch	• Tonhöhe	• Tonalité	• Tono	• Ton	• Тон	• Тон
Введите новый ID, например fair_2. Латиница, цифры, _ и - до 32 символов.	Enter the new ID, for example fair_2. Latin letters, digits, _ and - up to 32 characters.	Gib die neue ID ein, zum Beispiel fair_2. Lateinische Buchstaben, Ziffern, _ und - bis zu 32 Zeichen.	Saisissez le nouvel ID, par exemple fair_2. Lettres latines, chiffres, _ et - jusqu'à 32 caractères.	Introduce el nuevo ID, por ejemplo fair_2. Letras latinas, dígitos, _ y - hasta 32 caracteres.	Wpisz nowe ID, na przykład fair_2. Litery łacińskie, cyfry, _ i - do 32 znaków.	Введіть новий ID, наприклад fair_2. Латиниця, цифри, _ та - до 32 символів.	Жаңа ID енгізіңіз, мысалы fair_2. Латын әріптері, сандар, _ және - 32 таңбаға дейін.
• Копия ивента	• Event copy	• Event-Kopie	• Copie de l'événement	• Copia del evento	• Kopia wydarzenia	• Копія івенту	• Ивент көшірмесі
= в 1.5 раза быстрее.	= 1.5 times faster.	= 1,5-mal schneller.	= 1,5 fois plus rapide.	= 1,5 veces más rápido.	= 1,5 raza szybciej.	= у 1,5 раза швидше.	= 1,5 есе жылдам.
Введите множитель от	Enter a multiplier from	Gib einen Multiplikator ein von	Saisissez un multiplicateur de	Introduce un multiplicador de	Wpisz mnożnik od	Введіть множник від	Көбейткішті енгізіңіз:
до	to	bis	à	a	do	до	бастап
• Скорость анимации	• Animation speed	• Animationsgeschwindigkeit	• Vitesse de l'animation	• Velocidad de animación	• Szybkość animacji	• Швидкість анімації	• Анимация жылдамдығы
Введите диапазон, например	Enter a range, for example	Gib einen Bereich ein, zum Beispiel	Saisissez une plage, par exemple	Introduce un rango, por ejemplo	Wpisz zakres, na przykład	Введіть діапазон, наприклад	Диапазонды енгізіңіз, мысалы
• Количество ложных стоек	• Number of decoy stands	• Anzahl der Köder-Ständer	• Nombre de supports leurres	• Cantidad de soportes señuelo	• Liczba stojaków-wabików	• Кількість фальшивих стійок	• Жалған тіреуіштер саны
Введите диапазон в блоках, например	Enter a range in blocks, for example	Gib einen Bereich in Blöcken ein, zum Beispiel	Saisissez une plage en blocs, par exemple	Introduce un rango en bloques, por ejemplo	Wpisz zakres w blokach, na przykład	Введіть діапазон у блоках, наприклад	Диапазонды блоктармен енгізіңіз, мысалы
• Радиус ложных стоек	• Decoy stand radius	• Köder-Ständer-Radius	• Rayon des supports leurres	• Radio de soportes señuelo	• Promień stojaków-wabików	• Радіус фальшивих стійок	• Жалған тіреуіштер радиусы
• Задержка повторного спавна ложных стоек	• Decoy stand respawn delay	• Verzögerung bis zum erneuten Erscheinen der Köder-Ständer	• Délai de réapparition des supports leurres	• Retraso de reaparición de los soportes señuelo	• Opóźnienie ponownego pojawienia się stojaków-wabików	• Затримка повторної появи фальшивих стійок	• Жалған тіреуіштердің қайта пайда болу кідірісі
• Время жизни ложных стоек	• Decoy stand lifetime	• Lebensdauer der Köder-Ständer	• Durée de vie des supports leurres	• Tiempo de vida de los soportes señuelo	• Czas życia stojaków-wabików	• Час життя фальшивих стійок	• Жалған тіреуіштердің өмір сүру уақыты
Введите сумму, например	Enter an amount, for example	Gib einen Betrag ein, zum Beispiel	Saisissez un montant, par exemple	Introduce una cantidad, por ejemplo	Wpisz kwotę, na przykład	Введіть суму, наприклад	Соманы енгізіңіз, мысалы
или	or	oder	ou	o	lub	або	немесе
• Награда шаблона	• Template reward	• Vorlagenbelohnung	• Récompense du modèle	• Recompensa de la plantilla	• Nagroda szablonu	• Нагорода шаблону	• Үлгі сыйлығы
Введите значение. Для времени можно использовать	Enter a value. For time, you can use	Gib einen Wert ein. Für Zeit kannst du verwenden	Saisissez une valeur. Pour la durée, vous pouvez utiliser	Introduce un valor. Para el tiempo, puedes usar	Wpisz wartość. Dla czasu możesz użyć	Введіть значення. Для часу можна використати	Мәнді енгізіңіз. Уақыт үшін мыналарды пайдалануға болады:
• Настройка шаблона	• Template setting	• Vorlageneinstellung	• Paramètre du modèle	• Ajuste de la plantilla	• Ustawienie szablonu	• Налаштування шаблону	• Үлгі баптауы
Введите числовое значение.	Enter a numeric value.	Gib einen numerischen Wert ein.	Saisissez une valeur numérique.	Introduce un valor numérico.	Wpisz wartość liczbową.	Введіть числове значення.	Сандық мәнді енгізіңіз.
Введите типы через запятую, например	Enter types separated by commas, for example	Gib Typen durch Kommas getrennt ein, zum Beispiel	Saisissez des types séparés par des virgules, par exemple	Introduce tipos separados por comas, por ejemplo	Wpisz typy oddzielone przecinkami, na przykład	Введіть типи через кому, наприклад	Түрлерді үтірмен бөліп енгізіңіз, мысалы
• Частицы шаблона	• Template particles	• Vorlagenpartikel	• Particules du modèle	• Partículas de la plantilla	• Cząsteczki szablonu	• Частинки шаблону	• Үлгі бөлшектері
Введите звуки через запятую.	Enter sounds separated by commas.	Gib Sounds durch Kommas getrennt ein.	Saisissez des sons séparés par des virgules.	Introduce sonidos separados por comas.	Wpisz dźwięki oddzielone przecinkami.	Введіть звуки через кому.	Дыбыстарды үтірмен бөліп енгізіңіз.
• Звуки шаблона	• Template sounds	• Vorlagen-Sounds	• Sons du modèle	• Sonidos de la plantilla	• Dźwięki szablonu	• Звуки шаблону	• Үлгі дыбыстары
Например	For example	Zum Beispiel	Par exemple	Por ejemplo	Na przykład	Наприклад	Мысалы
— снять требование.	— remove the requirement.	— Anforderung entfernen.	— retirer l'exigence.	— quitar el requisito.	— usuń wymóg.	— зняти вимогу.	— талапты алып тастау.
• Требование шаблона	• Template requirement	• Vorlagenanforderung	• Exigence du modèle	• Requisito de la plantilla	• Wymóg szablonu	• Вимога шаблону	• Үлгі талабы
суббота 20:00 | 1h	saturday 20:00 | 1h	Samstag 20:00 | 1h	samedi 20:00 | 1h	sábado 20:00 | 1h	sobota 20:00 | 1h	субота 20:00 | 1h	сенбі 20:00 | 1h
• Расписание шаблона	• Template schedule	• Vorlagenzeitplan	• Planning du modèle	• Horario de la plantilla	• Harmonogram szablonu	• Розклад шаблону	• Үлгі кестесі
• Ежедневное расписание шаблона	• Template daily schedule	• Täglicher Zeitplan der Vorlage	• Planning quotidien du modèle	• Horario diario de la plantilla	• Harmonogram dzienny szablonu	• Щоденний розклад шаблону	• Үлгінің күнделікті кестесі
Введите значение.	Enter a value.	Gib einen Wert ein.	Saisissez une valeur.	Introduce un valor.	Wpisz wartość.	Введіть значення.	Мәнді енгізіңіз.
Введите 0–128. Пример:	Enter 0–128. Example:	Gib 0–128 ein. Beispiel:	Saisissez 0–128. Exemple :	Introduce 0–128. Ejemplo:	Wpisz 0–128. Przykład:	Введіть 0–128. Приклад:	0–128 енгізіңіз. Мысалы:
• Радиус частицы	• Particle radius	• Partikelradius	• Rayon de la particule	• Radio de la partícula	• Promień cząsteczki	• Радіус частинки	• Бөлшек радиусы
Введите секунды или	Enter the seconds or	Gib die Sekunden ein oder	Saisissez les secondes ou	Introduce los segundos o	Wpisz sekundy lub	Введіть секунди або	Секундтарды немесе мыналарды енгізіңіз:
— до конца анимации.	— until the end of the animation.	— bis zum Ende der Animation.	— jusqu'à la fin de l'animation.	— hasta el final de la animación.	— do końca animacji.	— до кінця анімації.	— анимация аяқталғанға дейін.
• Длительность частицы	• Particle duration	• Partikeldauer	• Durée de la particule	• Duración de la partícula	• Czas trwania cząsteczki	• Тривалість частинки	• Бөлшек ұзақтығы
Введите 0–100000.	Enter 0–100000.	Gib 0–100000 ein.	Saisissez 0–100000.	Introduce 0–100000.	Wpisz 0–100000.	Введіть 0–100000.	0–100000 енгізіңіз.
— делить общий лимит между типами.	— split the total limit among the types.	— das Gesamtlimit auf die Typen aufteilen.	— répartir la limite totale entre les types.	— reparte el límite total entre los tipos.	— podziel łączny limit między typy.	— ділити загальний ліміт між типами.	— жалпы лимитті түрлер арасында бөлу.
• Количество частицы	• Particle count	• Partikelanzahl	• Nombre de particules	• Cantidad de partículas	• Liczba cząsteczek	• Кількість частинки	• Бөлшек саны
Введите 0–100. Пример:	Enter 0–100. Example:	Gib 0–100 ein. Beispiel:	Saisissez 0–100. Exemple :	Introduce 0–100. Ejemplo:	Wpisz 0–100. Przykład:	Введіть 0–100. Приклад:	0–100 енгізіңіз. Мысалы:
• Скорость частицы	• Particle speed	• Partikelgeschwindigkeit	• Vitesse de la particule	• Velocidad de la partícula	• Szybkość cząsteczki	• Швидкість частинки	• Бөлшек жылдамдығы
Введите 0.01–10. Пример:	Enter 0.01–10. Example:	Gib 0,01–10 ein. Beispiel:	Saisissez 0.01–10. Exemple :	Introduce 0.01–10. Ejemplo:	Wpisz 0.01–10. Przykład:	Введіть 0.01–10. Приклад:	0.01–10 енгізіңіз. Мысалы:
• Размер частицы	• Particle size	• Partikelgröße	• Taille de la particule	• Tamaño de la partícula	• Rozmiar cząsteczki	• Розмір частинки	• Бөлшек өлшемі
Введите	Enter	Gib ein	Saisissez	Introduce	Wpisz	Введіть	Енгізіңіз
или два цвета через запятую.	or two colors separated by a comma.	oder zwei Farben durch Komma getrennt.	ou deux couleurs séparées par une virgule.	o dos colores separados por una coma.	lub dwa kolory oddzielone przecinkiem.	або два кольори через кому.	немесе екі түсті үтірмен бөліп.
— наследовать палитру.	— inherit the palette.	— Palette übernehmen.	— hériter de la palette.	— heredar la paleta.	— dziedzicz paletę.	— успадкувати палітру.	— палитраны мұралау.
• Цвет частицы	• Particle color	• Partikelfarbe	• Couleur de la particule	• Color de la partícula	• Kolor cząsteczki	• Колір частинки	• Бөлшек түсі
Введите значение или	Enter a value or	Gib einen Wert ein oder	Saisissez une valeur ou	Introduce un valor o	Wpisz wartość lub	Введіть значення або	Мәнді немесе мынаны енгізіңіз:
отмена	cancel	abbrechen	annuler	cancelar	anuluj	скасувати	бас тарту
• Настройка частицы	• Particle setting	• Partikeleinstellung	• Paramètre de particule	• Ajuste de partícula	• Ustawienie cząsteczki	• Налаштування частинки	• Бөлшек баптауы
• Выбор иконки роли	• Choosing a role icon	• Rollensymbol wählen	• Choix de l'icône du rôle	• Elección del icono del rol	• Wybór ikony roli	• Вибір іконки ролі	• Рөл белгішесін таңдау
Закройте это сообщение и нажмите ЛКМ по предмету в своём инвентаре.	Close this message and left-click an item in your inventory.	Schließe diese Nachricht und klicke mit links auf ein Item in deinem Inventar.	Fermez ce message et faites un clic gauche sur un objet dans votre inventaire.	Cierra este mensaje y haz clic izquierdo en un objeto de tu inventario.	Zamknij tę wiadomość i kliknij LPM przedmiot w swoim ekwipunku.	Закрийте це повідомлення і клацніть ЛКМ по предмету у своєму інвентарі.	Бұл хабарды жауып, инвентарьіңіздегі затты СТБ басыңыз.
Берётся только Material предмета; сам предмет не расходуется.	Only the item's Material is used; the item itself is not consumed.	Es wird nur das Material des Items verwendet; das Item selbst wird nicht verbraucht.	Seul le Material de l'objet est utilisé ; l'objet lui-même n'est pas consommé.	Solo se usa el Material del objeto; el objeto en sí no se consume.	Używany jest tylko Material przedmiotu; sam przedmiot nie jest zużywany.	Береться лише Material предмета; сам предмет не витрачається.	Тек заттың Material алынады; заттың өзі жұмсалмайды.
— отмена.	— cancel.	— abbrechen.	— annuler.	— cancelar.	— anuluj.	— скасувати.	— бас тарту.
Новая роль	New role	Neue Rolle	Nouveau rôle	Nuevo rol	Nowa rola	Нова роль	Жаңа рөл
. Напишите	. Type	. Schreibe	. Écrivez	. Escribe	. Wpisz	. Напишіть	. Мынаны жазыңыз:
для отмены.	to cancel.	zum Abbrechen.	pour annuler.	para cancelar.	aby anulować.	для скасування.	бас тарту үшін.
• Введите значение для	• Enter a value for	• Gib einen Wert ein für	• Saisissez une valeur pour	• Introduce un valor para	• Wpisz wartość dla	• Введіть значення для	• Мына нәрсеге мән енгізіңіз:
• Введите ник игрока, которого назначить в роль	• Enter the nickname of the player to assign to the role	• Gib den Nicknamen des Spielers ein, der der Rolle zugewiesen werden soll	• Saisissez le pseudo du joueur à attribuer au rôle	• Introduce el nick del jugador que se asignará al rol	• Wpisz nick gracza, którego przypisać do roli	• Введіть нік гравця для призначення на роль	• Рөлге тағайындайтын ойыншының никін енгізіңіз
• Введите новое значение для	• Enter a new value for	• Gib einen neuen Wert ein für	• Saisissez une nouvelle valeur pour	• Introduce un nuevo valor para	• Wpisz nową wartość dla	• Введіть нове значення для	• Мына нәрсе үшін жаңа мән енгізіңіз:
нет права менять центр точек.	no permission to change the point center.	keine Berechtigung, das Punktzentrum zu ändern.	pas de permission de modifier le centre des points.	sin permiso para cambiar el centro de puntos.	brak uprawnień do zmiany środka punktów.	немає права змінювати центр точок.	нүкте орталығын өзгертуге рұқсат жоқ.
• Центр постановки точек	• Point placement center	• Zentrum der Punktplatzierung	• Centre de placement des points	• Centro de colocación de puntos	• Środek stawiania punktów	• Центр встановлення точок	• Нүктелерді орнату орталығы
. Для возврата к 0 0 введите	. To go back to 0 0, type	. Um zu 0 0 zurückzukehren, schreibe	. Pour revenir à 0 0, écrivez	. Para volver a 0 0, escribe	. Aby wrócić do 0 0, wpisz	. Щоб повернутися до 0 0, напишіть	. 0 0-ге қайту үшін мынаны жазыңыз:
. Пример:	. Example:	. Beispiel:	. Exemple :	. Ejemplo:	. Przykład:	. Приклад:	. Мысалы:
Введите:	Enter:	Gib ein:	Saisissez :	Introduce:	Wpisz:	Введіть:	Енгізіңіз:
ID роли должен содержать 1–32 символа: a-z, 0-9, _ или -.	The role ID must contain 1–32 characters: a-z, 0-9, _ or -.	Die Rollen-ID muss 1–32 Zeichen enthalten: a-z, 0-9, _ oder -.	L'ID du rôle doit contenir 1 à 32 caractères : a-z, 0-9, _ ou -.	El ID del rol debe tener de 1 a 32 caracteres: a-z, 0-9, _ o -.	ID roli musi zawierać 1–32 znaki: a-z, 0-9, _ lub -.	ID ролі має містити 1–32 символи: a-z, 0-9, _ або -.	Рөл ID-і 1–32 таңбадан тұруы керек: a-z, 0-9, _ немесе -.
Роль уже существует или ID некорректен.	The role already exists or the ID is invalid.	Die Rolle existiert bereits oder die ID ist ungültig.	Le rôle existe déjà ou l'ID est invalide.	El rol ya existe o el ID no es válido.	Rola już istnieje lub ID jest nieprawidłowe.	Роль уже існує або ID некоректний.	Рөл бұрыннан бар немесе ID жарамсыз.
создана.	created.	erstellt.	créé.	creado.	utworzona.	створено.	жасалды.
✓ Роль	✓ Role	✓ Rolle	✓ Rôle	✓ Rol	✓ Rola	✓ Роль	✓ Рөл
Вес роли не может быть равным или выше вашей роли.	The role's weight can't be equal to or higher than your role.	Das Gewicht der Rolle darf nicht gleich oder höher als deine Rolle sein.	Le poids du rôle ne peut pas être égal ou supérieur à celui de votre rôle.	El peso del rol no puede ser igual o mayor que el de tu rol.	Waga roli nie może być równa lub wyższa niż Twojej roli.	Вага ролі не може бути рівною або вищою за вашу роль.	Рөл салмағы сіздің рөліңізден тең немесе жоғары бола алмайды.
Не удалось сохранить роль.	Failed to save the role.	Die Rolle konnte nicht gespeichert werden.	Échec de l'enregistrement du rôle.	No se pudo guardar el rol.	Nie udało się zapisać roli.	Не вдалося зберегти роль.	Рөлді сақтау мүмкін болмады.
сохранена.	saved.	gespeichert.	enregistré.	guardado.	zapisana.	збережено.	сақталды.
• Введите ID событий через запятую. Пример:	• Enter event IDs separated by commas. Example:	• Gib Event-IDs durch Kommas getrennt ein. Beispiel:	• Saisissez les ID des événements séparés par des virgules. Exemple :	• Introduce los ID de eventos separados por comas. Ejemplo:	• Wpisz ID wydarzeń oddzielone przecinkami. Przykład:	• Введіть ID подій через кому. Приклад:	• Оқиға ID-лерін үтірмен бөліп енгізіңіз. Мысалы:
• Введите ник или часть ника игрока для поиска.	• Enter the player's nickname or part of it to search	• Gib den Nicknamen oder einen Teil davon für die Suche ein	• Saisissez le pseudo du joueur ou une partie pour la recherche	• Introduce el nick del jugador o parte de él para buscar	• Wpisz nick gracza lub jego część do wyszukania	• Введіть нік або частину ніка гравця для пошуку	• Іздеу үшін ойыншы никін немесе оның бөлігін енгізіңіз
✓ Иконка роли установлена:	✓ Role icon set:	✓ Rollensymbol festgelegt:	✓ Icône du rôle définie :	✓ Icono del rol establecido:	✓ Ustawiono ikonę roli:	✓ Іконку ролі встановлено:	✓ Рөл белгішесі орнатылды:
Отменено.	Cancelled.	Abgebrochen.	Annulé.	Cancelado.	Anulowano.	Скасовано.	Бас тартылды.
✓ Центр постановки точек:	✓ Point placement center:	✓ Zentrum der Punktplatzierung:	✓ Centre de placement des points :	✓ Centro de colocación de puntos:	✓ Środek stawiania punktów:	✓ Центр встановлення точок:	✓ Нүктелерді орнату орталығы:
Некорректно. Введите два числа: X Z, например 1250 -340.	Invalid. Enter two numbers: X Z, for example 1250 -340.	Ungültig. Gib zwei Zahlen ein: X Z, zum Beispiel 1250 -340.	Invalide. Saisissez deux nombres : X Z, par exemple 1250 -340.	No válido. Introduce dos números: X Z, por ejemplo 1250 -340.	Nieprawidłowe. Wpisz dwie liczby: X Z, na przykład 1250 -340.	Некоректно. Введіть два числа: X Z, наприклад 1250 -340.	Қате. Екі санды енгізіңіз: X Z, мысалы 1250 -340.
Не найдено ни одного существующего события.	No existing events were found.	Es wurden keine vorhandenen Events gefunden.	Aucun événement existant n'a été trouvé.	No se encontró ningún evento existente.	Nie znaleziono żadnego istniejącego wydarzenia.	Не знайдено жодної наявної події.	Ешбір бар оқиға табылмады.
Режим установки точек включён — кликните по блоку.	Point placement mode enabled — click a block.	Punkt-Platzierungsmodus aktiviert — klicke auf einen Block.	Mode de placement de points activé — cliquez sur un bloc.	Modo de colocación de puntos activado: haz clic en un bloque.	Tryb stawiania punktów włączony — kliknij blok.	Режим встановлення точок увімкнено — клацніть по блоку.	Нүкте орнату режимі қосылды — блокты басыңыз.
✓ Шкурка привязана к событиям:	✓ The hide is bound to the events:	✓ Das Fell ist an die Events gebunden:	✓ La peau est associée aux événements :	✓ El cuero está vinculado a los eventos:	✓ Skórka jest powiązana z wydarzeniami:	✓ Шкурку прив'язано до подій:	✓ Тері мына ивенттерге байланды:
Поиск отменён.	Search cancelled.	Suche abgebrochen.	Recherche annulée.	Búsqueda cancelada.	Wyszukiwanie anulowane.	Пошук скасовано.	Іздеу тоқтатылды.
Нельзя назначить роль самому себе.	You can't assign a role to yourself.	Du kannst dir selbst keine Rolle zuweisen.	Vous ne pouvez pas vous attribuer un rôle à vous-même.	No puedes asignarte un rol a ti mismo.	Nie możesz przypisać roli samemu sobie.	Не можна призначити роль самому собі.	Өзіңізге рөл тағайындай алмайсыз.
добавлен в роль	added to the role	zur Rolle hinzugefügt	ajouté au rôle	añadido al rol	dodany do roli	додано до ролі	рөлге қосылды
✓ Игрок	✓ Player	✓ Spieler	✓ Joueur	✓ Jugador	✓ Gracz	✓ Гравець	✓ Ойыншы
Черновик роли не найден.	Role draft not found.	Rollenentwurf nicht gefunden.	Brouillon de rôle introuvable.	Borrador de rol no encontrado.	Nie znaleziono szkicu roli.	Чернетку ролі не знайдено.	Рөл жобасы табылмады.
Неизвестный Material. Пример: NETHER_STAR, CHEST, DIAMOND.	Unknown Material. Example: NETHER_STAR, CHEST, DIAMOND.	Unbekanntes Material. Beispiel: NETHER_STAR, CHEST, DIAMOND.	Material inconnu. Exemple : NETHER_STAR, CHEST, DIAMOND.	Material desconocido. Ejemplo: NETHER_STAR, CHEST, DIAMOND.	Nieznany Material. Przykład: NETHER_STAR, CHEST, DIAMOND.	Невідомий Material. Приклад: NETHER_STAR, CHEST, DIAMOND.	Белгісіз Material. Мысалы: NETHER_STAR, CHEST, DIAMOND.
Некорректное значение. Проверьте формат и попробуйте снова.	Invalid value. Check the format and try again.	Ungültiger Wert. Prüfe das Format und versuche es erneut.	Valeur invalide. Vérifiez le format et réessayez.	Valor no válido. Comprueba el formato e inténtalo de nuevo.	Nieprawidłowa wartość. Sprawdź format i spróbuj ponownie.	Некоректне значення. Перевірте формат і спробуйте ще раз.	Жарамсыз мән. Форматты тексеріп, қайта көріңіз.
безлимит	unlimited	unbegrenzt	illimité	sin límite	bez limitu	безліміт	шексіз
Некорректное значение. Проверьте формат и диапазон.	Invalid value. Check the format and range.	Ungültiger Wert. Prüfe Format und Bereich.	Valeur invalide. Vérifiez le format et la plage.	Valor no válido. Comprueba el formato y el rango.	Nieprawidłowa wartość. Sprawdź format i zakres.	Некоректне значення. Перевірте формат і діапазон.	Жарамсыз мән. Форматы мен диапазонын тексеріңіз.
✓ Ивент скопирован:	✓ Event copied:	✓ Event kopiert:	✓ Événement copié :	✓ Evento copiado:	✓ Wydarzenie skopiowane:	✓ Івент скопійовано:	✓ Ивент көшірілді:
0–86400 сек. (например: 15s, 5m, 2h, 1d). Чем меньше диапазон — тем чаще пытается спавнить.	0–86400 sec. (for example: 15s, 5m, 2h, 1d). A smaller range means it tries to spawn more often.	0–86400 Sek. (zum Beispiel: 15s, 5m, 2h, 1d). Ein kleinerer Bereich bedeutet, dass häufiger gespawnt wird.	0 à 86400 sec. (par exemple : 15s, 5m, 2h, 1d). Une plage plus petite signifie que l'apparition est tentée plus souvent.	0–86400 seg. (por ejemplo: 15s, 5m, 2h, 1d). Un rango más pequeño hace que intente aparecer más a menudo.	0–86400 sek. (na przykład: 15s, 5m, 2h, 1d). Mniejszy zakres oznacza częstsze próby pojawienia się.	0–86400 сек. (наприклад: 15s, 5m, 2h, 1d). Менший діапазон — частіші спроби спавну.	0–86400 сек. (мысалы: 15s, 5m, 2h, 1d). Кіші диапазон — спавн жиірек әрекеттенеді.
1–604800 сек. (30s, 5m, 2h, 7d). Изменение min/max применяется к новым спавнам; активные можно пересчитать кнопкой «Применить к активным».	1–604800 sec. (30s, 5m, 2h, 7d). Changing min/max applies to new spawns; active ones can be recalculated with the "Apply to active" button.	1–604800 Sek. (30s, 5m, 2h, 7d). Das Ändern von min/max gilt für neue Spawns; aktive können mit der Schaltfläche „Auf aktive anwenden“ neu berechnet werden.	1 à 604800 sec. (30s, 5m, 2h, 7j). La modification de min/max s'applique aux nouvelles apparitions ; les actives peuvent être recalculées avec le bouton « Appliquer aux actives ».	1–604800 seg. (30s, 5m, 2h, 7d). Cambiar min/max se aplica a las nuevas apariciones; las activas se pueden recalcular con el botón «Aplicar a activos».	1–604800 sek. (30s, 5m, 2h, 7d). Zmiana min/max dotyczy nowych pojawień; aktywne można przeliczyć przyciskiem „Zastosuj do aktywnych”.	1–604800 сек. (30s, 5m, 2h, 7d). Зміна min/max застосовується до нових спавнів; активні можна перерахувати кнопкою «Застосувати до активних».	1–604800 сек. (30s, 5m, 2h, 7d). min/max өзгерісі жаңа спавндарға қолданылады; белсенділерді «Белсенділерге қолдану» түймесімен қайта есептеуге болады.
0 и больше блоков	0 and more blocks	0 und mehr Blöcke	0 bloc(s) ou plus	0 o más bloques	0 i więcej bloków	0 і більше блоків	0 және одан көп блок
2026-08-31 12:00 | 2026-09-07 23:59 или 2d | 1d	2026-08-31 12:00 | 2026-09-07 23:59 or 2d | 1d	2026-08-31 12:00 | 2026-09-07 23:59 oder 2d | 1d	2026-08-31 12:00 | 2026-09-07 23:59 ou 2d | 1d	2026-08-31 12:00 | 2026-09-07 23:59 o 2d | 1d	2026-08-31 12:00 | 2026-09-07 23:59 lub 2d | 1d	2026-08-31 12:00 | 2026-09-07 23:59 або 2d | 1d	2026-08-31 12:00 | 2026-09-07 23:59 немесе 2d | 1d
корректное значение	a valid value	ein gültiger Wert	une valeur valide	un valor válido	prawidłowa wartość	коректне значення	жарамды мән
вс	Sun	So	dim	dom	ndz	нд	жс
вт	Tue	Di	mar	mar	wt	вт	сс
пн	Mon	Mo	lun	lun	pon	пн	дс
пт	Fri	Fr	ven	vie	pt	пт	жм
сб	Sat	Sa	sam	sáb	sob	сб	сб
ср	Wed	Mi	mer	mié	śr	ср	ср
чт	Thu	Do	jeu	jue	czw	чт	бс
✓ Настройка шаблона сохранена.	✓ Template configuration saved.	✓ Vorlagenkonfiguration gespeichert.	✓ Configuration du modèle enregistrée.	✓ Configuración de la plantilla guardada.	✓ Zapisano konfigurację szablonu.	✓ Налаштування шаблону збережено.	✓ Үлгі баптауы сақталды.
Это служебный инструмент EventHeads. У вас нет права eventheads.points.	This is a service tool of EventHeads. You don't have the eventheads.points permission.	Dies ist ein Dienstwerkzeug von EventHeads. Du hast die Berechtigung eventheads.points nicht.	Ceci est un outil de service d'EventHeads. Vous n'avez pas la permission eventheads.points.	Esta es una herramienta de servicio de EventHeads. No tienes el permiso eventheads.points.	To narzędzie serwisowe EventHeads. Nie masz uprawnienia eventheads.points.	Це службовий інструмент EventHeads. У вас немає права eventheads.points.	Бұл EventHeads қызметтік құралы. Сізде eventheads.points рұқсаты жоқ.
Общий запрет спавна снят с этого места.	The global spawn ban was removed from this location.	Das globale Spawn-Verbot wurde von diesem Ort entfernt.	L'interdiction globale d'apparition a été retirée de cet emplacement.	Se ha quitado la prohibición global de aparición de esta ubicación.	Globalny zakaz pojawiania się został usunięty z tego miejsca.	Загальну заборону спавну знято з цього місця.	Осы орыннан жалпы спавн тыйымы алынды.
Место добавлено в общий чёрный список EventHeads. Здесь не спавнится ни один ивентовый предмет.	The location was added to the global EventHeads blacklist. No event item spawns here.	Der Ort wurde zur globalen EventHeads-Sperrliste hinzugefügt. Hier spawnt kein Event-Item.	L'emplacement a été ajouté à la liste noire globale d'EventHeads. Aucun objet d'événement n'apparaît ici.	La ubicación se añadió a la lista negra global de EventHeads. Aquí no aparece ningún objeto de evento.	Miejsce dodano do globalnej czarnej listy EventHeads. Nie pojawia się tu żaden przedmiot wydarzenia.	Місце додано до загального чорного списку EventHeads. Тут не спавниться жоден івентовий предмет.	Орын EventHeads ортақ қара тізіміне қосылды. Мұнда ешбір ивент заты спавнбайды.
Здесь уже установлен общий запрет. Shift+ЛКМ/ПКМ — снять его.	A global ban is already set here. Shift+LMB/RMB to remove it.	Hier ist bereits ein globales Verbot gesetzt. Shift+Linksklick/Rechtsklick zum Entfernen.	Une interdiction globale est déjà en place ici. Maj+clic gauche/droit pour la retirer.	Aquí ya hay una prohibición global. Mayús+clic izq./der. para quitarla.	Tutaj jest już ustawiony zakaz globalny. Shift+LPM/PPM aby go usunąć.	Тут уже встановлено загальну заборону. Shift+ЛКМ/ПКМ — зняти її.	Мұнда жалпы тыйым бұрыннан орнатылған. Оны алу үшін Shift+СТБ/ОТБ.
Ивент для этой кроличьей лапки не найден.	The event for this rabbit foot was not found.	Das Event für diese Hasenpfote wurde nicht gefunden.	L'événement pour cette patte de lapin n'a pas été trouvé.	No se encontró el evento para esta pata de conejo.	Nie znaleziono wydarzenia dla tej króliczej łapki.	Івент для цієї кролячої лапки не знайдено.	Бұл қоян табанына арналған ивент табылмады.
Точка	Point	Punkt	Point	Punto	Punkt	Точка	Нүкте
Запрет спавна для	Spawn ban for	Spawn-Verbot für	Interdiction d'apparition pour	Prohibición de aparición para	Zakaz pojawiania się dla	Заборону спавну для	Спавн тыйымы:
снят.	removed.	entfernt.	retirée.	eliminada.	usunięty.	знято.	алынды.
Место добавлено в чёрный список спавна для	The location was added to the spawn blacklist for	Der Ort wurde zur Spawn-Sperrliste hinzugefügt für	L'emplacement a été ajouté à la liste noire d'apparition pour	La ubicación se añadió a la lista negra de aparición para	Miejsce dodano do czarnej listy pojawiania się dla	Місце додано до чорного списку спавну для	Орын мынаған арналған спавн қара тізіміне қосылды:
На этом месте уже установлен запрет спавна для	A spawn ban for	Ein Spawn-Verbot für	Une interdiction d'apparition pour	Ya hay una prohibición de aparición para	Zakaz pojawiania się dla	Заборону спавну для	Спавн тыйымы
— такая точка уже существует	— such a point already exists	— ein solcher Punkt existiert bereits	— un tel point existe déjà	— ese punto ya existe	— taki punkt już istnieje	— така точка вже існує	— мұндай нүкте бұрыннан бар
✓ Точка добавлена:	✓ Point added:	✓ Punkt hinzugefügt:	✓ Point ajouté :	✓ Punto añadido:	✓ Dodano punkt:	✓ Точку додано:	✓ Нүкте қосылды:
Некоторые события пропущены:	Some events were skipped:	Einige Events wurden übersprungen:	Certains événements ont été ignorés :	Se omitieron algunos eventos:	Niektóre wydarzenia pominięto:	Деякі події пропущено:	Кейбір оқиғалар өткізіп жіберілді:
Ивентовая точка удалена. Предмет не выпал.	Event point removed. The item wasn't dropped.	Event-Punkt entfernt. Das Item wurde nicht fallen gelassen.	Point d'événement supprimé. L'objet n'a pas été lâché.	Punto de evento eliminado. El objeto no se soltó.	Usunięto punkt wydarzenia. Przedmiot nie wypadł.	Івентову точку видалено. Предмет не випав.	Ивент нүктесі жойылды. Зат түспеді.
Этот ивентовый предмет нельзя размещать без права eventheads.give.	This event item cannot be placed without the eventheads.give permission.	Dieses Event-Item kann nicht ohne die Berechtigung eventheads.give platziert werden.	Cet objet d'événement ne peut pas être placé sans la permission eventheads.give.	Este objeto de evento no se puede colocar sin el permiso eventheads.give.	Tego przedmiotu wydarzenia nie można umieścić bez uprawnienia eventheads.give.	Цей івентовий предмет не можна розмістити без права eventheads.give.	Бұл ивент затын eventheads.give рұқсатынсыз қоюға болмайды.
Точка не добавлена:	Point not added:	Punkt nicht hinzugefügt:	Point non ajouté :	Punto no añadido:	Nie dodano punktu:	Точку не додано:	Нүкте қосылмады:
Такая точка уже существует.	Such a point already exists.	Ein solcher Punkt existiert bereits.	Un tel point existe déjà.	Ese punto ya existe.	Taki punkt już istnieje.	Така точка вже існує.	Мұндай нүкте бұрыннан бар.
Настроенная голова превращена в точку спавна события	The configured head was turned into an event spawn point	Der konfigurierte Kopf wurde in einen Event-Spawn-Punkt umgewandelt	La tête configurée a été transformée en point d'apparition de l'événement	La cabeza configurada se convirtió en un punto de aparición del evento	Skonfigurowana głowa została zamieniona w punkt pojawiania się wydarzenia	Налаштовану голову перетворено на точку спавну події	Бапталған бас оқиғаның спавн нүктесіне айналдырылды
Ивентовый предмет удалён. Место заблокировано для всех событий.	Event item removed. The location is blocked for all events.	Event-Item entfernt. Der Ort ist für alle Events gesperrt.	Objet d'événement supprimé. L'emplacement est bloqué pour tous les événements.	Objeto de evento eliminado. La ubicación está bloqueada para todos los eventos.	Usunięto przedmiot wydarzenia. Miejsce jest zablokowane dla wszystkich wydarzeń.	Івентовий предмет видалено. Місце заблоковано для всіх подій.	Ивент заты жойылды. Орын барлық оқиғалар үшін бұғатталды.
Ивентовый предмет удалён. Место заблокировано для этого события.	Event item removed. The location is blocked for this event.	Event-Item entfernt. Der Ort ist für dieses Event gesperrt.	Objet d'événement supprimé. L'emplacement est bloqué pour cet événement.	Objeto de evento eliminado. La ubicación está bloqueada para este evento.	Usunięto przedmiot wydarzenia. Miejsce jest zablokowane dla tego wydarzenia.	Івентовий предмет видалено. Місце заблоковано для цієї події.	Ивент заты жойылды. Орын осы оқиға үшін бұғатталды.
Ивентовый предмет удалён без выпадения.	Event item removed without dropping.	Event-Item ohne Fallenlassen entfernt.	Objet d'événement supprimé sans être lâché.	Objeto de evento eliminado sin soltarse.	Usunięto przedmiot wydarzenia bez wypadnięcia.	Івентовий предмет видалено без випадання.	Ивент заты түспей жойылды.
Ивентовый предмет:	Event item:	Event-Item:	Objet d'événement :	Objeto de evento:	Przedmiot wydarzenia:	Івентовий предмет:	Ивент заты:
EventHeads • Редактор точек	EventHeads • Point editor	EventHeads • Punkteditor	EventHeads • Éditeur de points	EventHeads • Editor de puntos	EventHeads • Edytor punktów	EventHeads • Редактор точок	EventHeads • Нүкте редакторы
Привязанные события:	Bound events:	Gebundene Events:	Événements associés :	Eventos vinculados:	Powiązane wydarzenia:	Прив'язані події:	Байланысқан оқиғалар:
ЛКМ/ПКМ по блоку — поставить точку.	LMB/RMB a block — place a point.	Linksklick/Rechtsklick auf einen Block — Punkt setzen.	Clic gauche/droit sur un bloc — placer un point.	Clic izq./der. en un bloque: coloca un punto.	LPM/PPM na bloku — postaw punkt.	ЛКМ/ПКМ по блоку — поставити точку.	Блокты СТБ/ОТБ басу — нүкте қою.
Одна шкурка может обслуживать несколько событий.	One hide can serve several events.	Ein Fell kann mehreren Events dienen.	Une peau peut servir plusieurs événements.	Un cuero puede servir para varios eventos.	Jedna skórka może obsługiwać kilka wydarzeń.	Одна шкурка може обслуговувати кілька подій.	Бір тері бірнеше оқиғаға қызмет ете алады.
Для каждого события точка сохраняется отдельно.	A point is saved separately for each event.	Für jedes Event wird ein Punkt separat gespeichert.	Un point est enregistré séparément pour chaque événement.	Se guarda un punto por separado para cada evento.	Dla każdego wydarzenia punkt jest zapisywany osobno.	Для кожної події точка зберігається окремо.	Әр оқиға үшін нүкте бөлек сақталады.
Завершить:	Finish:	Beenden:	Terminer :	Finalizar:	Zakończ:	Завершити:	Аяқтау:
Требуется: eventheads.points	Requires: eventheads.points	Erfordert: eventheads.points	Requiert : eventheads.points	Requiere: eventheads.points	Wymaga: eventheads.points	Потрібно: eventheads.points	Қажет: eventheads.points
не привязан	not bound	nicht gebunden	non associé	no vinculado	niepowiązany	не прив'язано	байланбаған
EventHeads • Чёрный список	EventHeads • Blacklist	EventHeads • Sperrliste	EventHeads • Liste noire	EventHeads • Lista negra	EventHeads • Czarna lista	EventHeads • Чорний список	EventHeads • Қара тізім
все события	all events	alle Events	tous les événements	todos los eventos	wszystkie wydarzenia	усі події	барлық оқиғалар
Shift+ЛКМ/ПКМ — снять запрет.	Shift+LMB/RMB — remove the ban.	Shift+Linksklick/Rechtsklick — Verbot entfernen.	Maj+clic gauche/droit — retirer l'interdiction.	Mayús+clic izq./der. — quitar la prohibición.	Shift+LPM/PPM — usuń zakaz.	Shift+ЛКМ/ПКМ — зняти заборону.	Shift+СТБ/ОТБ — тыйымды алу.
ЛКМ/ПКМ по активному EventHead — удалить его и заблокировать место.	LMB/RMB an active EventHead — remove it and block the location.	Linksklick/Rechtsklick auf einen aktiven EventHead — entfernen und den Ort sperren.	Clic gauche/droit sur un EventHead actif — le supprimer et bloquer l'emplacement.	Clic izq./der. en un EventHead activo: elimínalo y bloquea la ubicación.	LPM/PPM na aktywnym EventHead — usuń go i zablokuj miejsce.	ЛКМ/ПКМ по активному EventHead — видалити його та заблокувати місце.	Белсенді EventHead-ты СТБ/ОТБ басу — оны жою және орынды бұғаттау.
ЛКМ/ПКМ по блоку — удалить точку или заблокировать место.	LMB/RMB a block — delete a point or block the location.	Linksklick/Rechtsklick auf einen Block — Punkt löschen oder Ort sperren.	Clic gauche/droit sur un bloc — supprimer un point ou bloquer l'emplacement.	Clic izq./der. en un bloque: elimina un punto o bloquea la ubicación.	LPM/PPM na bloku — usuń punkt lub zablokuj miejsce.	ЛКМ/ПКМ по блоку — видалити точку або заблокувати місце.	Блокты СТБ/ОТБ басу — нүктені жою немесе орынды бұғаттау.
Привязка:	Binding:	Bindung:	Association :	Vinculación:	Powiązanie:	Прив'язка:	Байланыс:
Ивент:	Event:	Event:	Événement :	Evento:	Wydarzenie:	Івент:	Ивент:
Визуальный эффект Minecraft Java Edition 26.2.	A visual effect from Minecraft Java Edition 26.2.	Ein visueller Effekt aus Minecraft Java Edition 26.2.	Un effet visuel de Minecraft Java Edition 26.2.	Un efecto visual de Minecraft Java Edition 26.2.	Efekt wizualny z Minecraft Java Edition 26.2.	Візуальний ефект з Minecraft Java Edition 26.2.	Minecraft Java Edition 26.2 көрнекі әсері.
Частица	Particle	Partikel	Particule	Partícula	Cząsteczka	Частинка	Бөлшек
Злой житель	Angry villager	Wütender Dorfbewohner	Villageois en colère	Aldeano enfadado	Zły mieszkaniec	Злий житель	Ашулы селолық
Красные искры недовольства жителя.	Red sparks of a villager's displeasure.	Rote Funken des Missfallens eines Dorfbewohners.	Étincelles rouges du mécontentement d'un villageois.	Chispas rojas del descontento de un aldeano.	Czerwone iskry niezadowolenia mieszkańca.	Червоні іскри невдоволення жителя.	Селолықтың наразылығының қызыл ұшқындары.
Мелкие тёмные частицы пепла.	Small dark ash particles.	Kleine dunkle Aschepartikel.	Petites particules de cendre sombre.	Pequeñas partículas oscuras de ceniza.	Małe ciemne cząsteczki popiołu.	Дрібні темні частинки попелу.	Күлдің ұсақ қара бөлшектері.
Пепел	Ash	Asche	Cendre	Ceniza	Popiół	Попіл	Күл
Осколки блока	Block fragments	Blockfragmente	Fragments de bloc	Fragmentos de bloque	Fragmenty bloku	Осколки блоку	Блок сынықтары
Частицы выбранного блока.	Particles of the selected block.	Partikel des ausgewählten Blocks.	Particules du bloc sélectionné.	Partículas del bloque seleccionado.	Cząsteczki wybranego bloku.	Частинки вибраного блока.	Таңдалған блоктың бөлшектері.
Крошение блока	Block crumbling	Blockzerbröckeln	Effritement de bloc	Desmoronamiento de bloque	Kruszenie bloku	Кришення блоку	Блоктың ұсақталуы
Крупинки блока при его разрушении.	Small chunks of a block as it breaks.	Kleine Brocken eines Blocks beim Zerbrechen.	Petits morceaux d'un bloc lorsqu'il se brise.	Pequeños trozos de un bloque al romperse.	Małe kawałki bloku podczas jego niszczenia.	Дрібні шматочки блока під час його руйнування.	Блок бұзылған кездегі ұсақ бөліктер.
Маркер выбранного блока.	A marker of the selected block.	Ein Marker des ausgewählten Blocks.	Un marqueur du bloc sélectionné.	Un marcador del bloque seleccionado.	Znacznik wybranego bloku.	Маркер вибраного блока.	Таңдалған блоктың маркері.
Метка блока	Block marker	Blockmarker	Marqueur de bloc	Marcador de bloque	Znacznik bloku	Мітка блоку	Блок белгісі
Пузырьки	Bubbles	Blasen	Bulles	Burbujas	Bąbelki	Бульбашки	Көпіршіктер
Пузырьки воздуха в воде.	Air bubbles in water.	Luftblasen im Wasser.	Bulles d'air dans l'eau.	Burbujas de aire en el agua.	Bąbelki powietrza w wodzie.	Бульбашки повітря у воді.	Судағы ауа көпіршіктері.
Пузырьки, поднимающиеся вверх.	Bubbles rising upward.	Nach oben aufsteigende Blasen.	Bulles remontant vers le haut.	Burbujas que suben hacia arriba.	Bąbelki unoszące się w górę.	Бульбашки, що піднімаються вгору.	Жоғары көтерілетін көпіршіктер.
Пузырьковый столб	Bubble column	Blasensäule	Colonne de bulles	Columna de burbujas	Kolumna bąbelków	Бульбашковий стовп	Көпіршік бағаны
Лопнувшие пузырьки	Popped bubbles	Geplatzte Blasen	Bulles éclatées	Burbujas reventadas	Pęknięte bąbelki	Лопнуті бульбашки	Жарылған көпіршіктер
Мелкие пузырьки при всплытии и лопании.	Small bubbles when surfacing and popping.	Kleine Blasen beim Auftauchen und Platzen.	Petites bulles en remontant et en éclatant.	Pequeñas burbujas al salir a la superficie y estallar.	Małe bąbelki podczas wynurzania się i pękania.	Дрібні бульбашки при спливанні та лопанні.	Жоғары шыққанда және жарылғанда пайда болатын ұсақ көпіршіктер.
Дым костра	Campfire smoke	Lagerfeuerrauch	Fumée de feu de camp	Humo de fogata	Dym z ogniska	Дим багаття	Лагерь оты түтіні
Спокойный дым обычного костра.	Calm smoke from an ordinary campfire.	Ruhiger Rauch eines gewöhnlichen Lagerfeuers.	Fumée calme d'un feu de camp ordinaire.	Humo tranquilo de una fogata normal.	Spokojny dym zwykłego ogniska.	Спокійний дим звичайного багаття.	Қарапайым лагерь отының тыныш түтіні.
Высокий столб дыма костра.	A tall column of campfire smoke.	Eine hohe Rauchsäule des Lagerfeuers.	Une haute colonne de fumée de feu de camp.	Una columna alta de humo de fogata.	Wysoka kolumna dymu z ogniska.	Високий стовп диму багаття.	Лагерь отының биік түтін бағаны.
Сигнальный дым костра	Campfire signal smoke	Lagerfeuersignalrauch	Fumée de signal de feu de camp	Humo de señal de fogata	Sygnałowy dym z ogniska	Сигнальний дим багаття	Лагерь отының сигналдық түтіні
Листья сакуры	Cherry blossom petals	Kirschblütenblätter	Pétales de fleurs de cerisier	Pétalos de flor de cerezo	Płatki kwiatu wiśni	Пелюстки сакури	Сакура жапырақтары
Падающие розовые листья.	Falling pink petals.	Fallende rosa Blütenblätter.	Pétales roses qui tombent.	Pétalos rosas que caen.	Opadające różowe płatki.	Падаючі рожеві пелюстки.	Құлап жатқан қызғылт жапырақтар.
Облачко	Cloud	Wolke	Nuage	Nube	Chmura	Хмаринка	Бұлтша
Светлое быстро исчезающее облако.	A light quickly fading cloud.	Eine leichte, schnell verblassende Wolke.	Un nuage léger qui se dissipe rapidement.	Una nube ligera que se desvanece rápido.	Lekka szybko znikająca chmura.	Легка швидкозникаюча хмаринка.	Жеңіл, тез жоғалатын бұлтша.
Зелёные частицы компостера.	Green particles of a composter.	Grüne Partikel eines Komposters.	Particules vertes d'un composteur.	Partículas verdes de un compostador.	Zielone cząsteczki kompostownika.	Зелені частинки компостера.	Компостердің жасыл бөлшектері.
Компост	Compost	Kompost	Compost	Compost	Kompost	Компост	Компост
Медное пламя	Copper flame	Kupferflamme	Flamme de cuivre	Llama de cobre	Miedziany płomień	Мідне полум'я	Мыс жалыны
Пламя медного огня.	A flame of copper fire.	Eine Flamme aus Kupferfeuer.	Une flamme de feu de cuivre.	Una llama de fuego de cobre.	Płomień miedzianego ognia.	Полум'я мідного вогню.	Мыс отының жалыны.
Багровые споры	Crimson spores	Karmesinsporen	Spores écarlates	Esporas carmesí	Karmazynowe zarodniki	Багряні спори	Қызыл қоңыр саңырауқұлақ споралары
Споры багрового леса.	Spores from the crimson forest.	Sporen aus dem Karmesinwald.	Spores de la forêt écarlate.	Esporas del bosque carmesí.	Zarodniki z karmazynowego lasu.	Спори багряного лісу.	Қызыл қоңыр орманның споралары.
Искры критического попадания.	Sparks of a critical hit.	Funken eines kritischen Treffers.	Étincelles d'un coup critique.	Chispas de un golpe crítico.	Iskry krytycznego trafienia.	Іскри критичного удару.	Критикалық соққы ұшқындары.
Критический удар	Critical hit	Kritischer Treffer	Coup critique	Golpe crítico	Trafienie krytyczne	Критичний удар	Критикалық соққы
Пузырьковое течение, направленное вниз.	A bubble current flowing downward.	Eine nach unten fließende Blasenströmung.	Un courant de bulles vers le bas.	Una corriente de burbujas hacia abajo.	Prąd bąbelków skierowany w dół.	Бульбашковий потік, спрямований униз.	Төмен бағытталған көпіршік ағыны.
Течение вниз	Downward current	Abwärtsströmung	Courant descendant	Corriente descendente	Prąd w dół	Течія вниз	Төмен ағын
Индикатор урона	Damage indicator	Schadensanzeige	Indicateur de dégâts	Indicador de daño	Wskaźnik obrażeń	Індикатор урону	Зиян көрсеткіші
Частица, отмечающая нанесённый урон.	A particle marking the damage dealt.	Ein Partikel, das den zugefügten Schaden markiert.	Une particule marquant les dégâts infligés.	Una partícula que marca el daño infligido.	Cząsteczka oznaczająca zadane obrażenia.	Частинка, що позначає завдану шкоду.	Келтірілген зиянды белгілейтін бөлшек.
След дельфина	Dolphin trail	Delfinspur	Sillage de dauphin	Estela de delfín	Ślad delfina	Слід дельфіна	Дельфин ізі
Частицы следа плывущего дельфина.	Particles of a swimming dolphin's trail.	Partikel der Spur eines schwimmenden Delfins.	Particules du sillage d'un dauphin qui nage.	Partículas de la estela de un delfín nadando.	Cząsteczki śladu płynącego delfina.	Частинки сліду дельфіна, що пливе.	Жүзіп бара жатқан дельфин ізінің бөлшектері.
Дыхание дракона	Dragon's breath	Drachenatem	Souffle du dragon	Aliento de dragón	Smoczy oddech	Дихання дракона	Айдаһар тынысы
Фиолетовое облако драконьего дыхания.	A purple cloud of dragon's breath.	Eine violette Wolke aus Drachenatem.	Un nuage violet du souffle du dragon.	Una nube púrpura del aliento del dragón.	Fioletowa chmura smoczego oddechu.	Фіолетова хмара драконячого дихання.	Айдаһар тынысының күлгін бұлты.
Капли лавы с натёчного камня	Lava drips from a dripstone	Lava tropft von einem Tropfstein	Gouttes de lave d'une stalactite	Gotas de lava de una estalactita	Kapiąca lawa ze stalaktytu	Краплі лави зі сталактиту	Тамшы тастан тамған лава
Лава капает с натёчного камня.	Lava drips from dripstone.	Lava tropft von Tropfstein.	La lave goutte d'une stalactite.	La lava gotea de una estalactita.	Lawa kapie ze stalaktytu.	Лава крапає зі сталактиту.	Лава тамшы тастан тамады.
Вода капает с натёчного камня.	Water drips from dripstone.	Wasser tropft von Tropfstein.	L'eau goutte d'une stalactite.	El agua gotea de una estalactita.	Woda kapie ze stalaktytu.	Вода крапає зі сталактиту.	Су тамшы тастан тамады.
Капли воды с натёчного камня	Water drips from a dripstone	Wasser tropft von einem Tropfstein	Gouttes d'eau d'une stalactite	Gotas de agua de una estalactita	Kapiąca woda ze stalaktytu	Краплі води зі сталактиту	Тамшы тастан тамған су
Капли мёда	Honey drips	Honigtropfen	Gouttes de miel	Gotas de miel	Kapiący miód	Краплі меду	Бал тамшылары
Медленно падающие капли мёда.	Slowly falling drops of honey.	Langsam fallende Honigtropfen.	Gouttes de miel qui tombent lentement.	Gotas de miel que caen lentamente.	Powoli spadające krople miodu.	Повільно падаючі краплі меду.	Баяу құлайтын бал тамшылары.
Капли лавы	Lava drips	Lavatropfen	Gouttes de lave	Gotas de lava	Kapiąca lawa	Краплі лави	Лава тамшылары
Капли лавы сверху вниз.	Lava drops from top to bottom.	Lava tropft von oben nach unten.	Gouttes de lave de haut en bas.	Gotas de lava de arriba abajo.	Lawa kapie z góry na dół.	Краплі лави згори вниз.	Лава жоғарыдан төмен тамады.
Капли слёз обсидиана	Obsidian tear drips	Obsidiantränen	Gouttes de larme d'obsidienne	Gotas de lágrima de obsidiana	Kapiące łzy obsydianu	Краплі сльози обсидіану	Обсидиан көз жасының тамшылары
Тёмно-фиолетовые капли.	Dark purple drops.	Dunkelviolette Tropfen.	Gouttes violet foncé.	Gotas de color morado oscuro.	Ciemnofioletowe krople.	Темно-фіолетові краплі.	Күңгірт күлгін тамшылар.
Капли воды	Water drips	Wassertropfen	Gouttes d'eau	Gotas de agua	Kapiąca woda	Краплі води	Су тамшылары
Обычные капли воды.	Ordinary drops of water.	Gewöhnliche Wassertropfen.	Gouttes d'eau ordinaires.	Gotas de agua normales.	Zwykłe krople wody.	Звичайні краплі води.	Кәдімгі су тамшылары.
Настраиваемая пыль с HEX-цветом.	Customizable dust with a HEX color.	Anpassbarer Staub mit HEX-Farbe.	Poussière personnalisable avec une couleur HEX.	Polvo personalizable con color HEX.	Konfigurowalny pył z kolorem HEX.	Настроюваний пил з HEX-кольором.	HEX түсті реттелетін шаң.
Цветная пыль	Colored dust	Farbiger Staub	Poussière colorée	Polvo de color	Kolorowy pył	Кольоровий пил	Түсті шаң
Пыль с переходом между двумя оттенками.	Dust transitioning between two shades.	Staub mit Übergang zwischen zwei Farbtönen.	Poussière avec transition entre deux teintes.	Polvo con transición entre dos tonos.	Pył przechodzący między dwoma odcieniami.	Пил з переходом між двома відтінками.	Екі реңк арасында ауысатын шаң.
Падающая пыль в форме столба.	Falling dust in the shape of a column.	Fallender Staub in Säulenform.	Poussière qui tombe en forme de colonne.	Polvo que cae en forma de columna.	Opadający pył w kształcie kolumny.	Падаючий пил у формі стовпа.	Баған пішінінде құлайтын шаң.
Столб пыли	Dust column	Staubsäule	Colonne de poussière	Columna de polvo	Kolumna pyłu	Стовп пилу	Шаң бағаны
Клуб пыли	Dust cloud	Staubwolke	Nuage de poussière	Nube de polvo	Obłok pyłu	Клуб пилу	Шаң бұлты
Плотный небольшой клуб пыли.	A dense small cloud of dust.	Eine dichte kleine Staubwolke.	Un petit nuage de poussière dense.	Una nube densa y pequeña de polvo.	Gęsty mały obłok pyłu.	Щільна невелика хмара пилу.	Тығыз кіші шаң бұлты.
Цветные частицы эффекта зелья.	Colored particles of a potion effect.	Farbige Partikel eines Trankeffekts.	Particules colorées d'un effet de potion.	Partículas de color de un efecto de poción.	Kolorowe cząsteczki efektu mikstury.	Кольорові частинки ефекту зілля.	Ықылас әсерінің түсті бөлшектері.
Эффект зелья	Potion effect	Trankeffekt	Effet de potion	Efecto de poción	Efekt mikstury	Ефект зілля	Ықылас әсері
Мелкие осколки разбитого или вылупившегося яйца.	Small fragments of a broken or hatched egg.	Kleine Fragmente eines zerbrochenen oder geschlüpften Eis.	Petits fragments d'un œuf cassé ou éclos.	Pequeños fragmentos de un huevo roto o eclosionado.	Małe fragmenty rozbitego lub wyklutego jaja.	Дрібні уламки розбитого чи вилупленого яйця.	Сынған немесе басылған жұмыртқаның ұсақ сынықтары.
Осколки яйца	Egg fragments	Ei-Fragmente	Fragments d'œuf	Fragmentos de huevo	Fragmenty jaja	Осколки яйця	Жұмыртқа сынықтары
Древний страж	Elder guardian	Ältester Wächter	Gardien ancien	Guardián anciano	Starszy strażnik	Прадавній вартовий	Көне қорғаушы
Пугающая частица древнего стража.	A spooky elder guardian particle.	Ein gruseliges Ältester-Wächter-Partikel.	Une particule effrayante de gardien ancien.	Una partícula inquietante de guardián anciano.	Przerażająca cząsteczka starszego strażnika.	Моторошна частинка прадавнього вартового.	Көне қорғаушының қорқынышты бөлшегі.
Мелкие яркие электрические искры.	Small bright electric sparks.	Kleine helle elektrische Funken.	Petites étincelles électriques brillantes.	Pequeñas chispas eléctricas brillantes.	Małe jasne iskry elektryczne.	Дрібні яскраві електричні іскри.	Ұсақ жарқыраған электр ұшқындары.
Электрическая искра	Electric spark	Elektrischer Funke	Étincelle électrique	Chispa eléctrica	Iskra elektryczna	Електрична іскра	Электр ұшқыны
Зачарование	Enchantment	Verzauberung	Enchantement	Encantamiento	Zaklęcie	Зачарування	Сиқырлау
Поток частиц от зачарованного предмета.	A stream of particles from an enchanted item.	Ein Partikelstrom von einem verzauberten Item.	Un flux de particules d'un objet enchanté.	Un flujo de partículas de un objeto encantado.	Strumień cząsteczek z zaklętego przedmiotu.	Потік частинок від зачарованого предмета.	Сиқырланған заттан ағатын бөлшектер ағыны.
Зачарованный удар	Enchanted hit	Verzauberter Treffer	Coup enchanté	Golpe encantado	Zaklęte trafienie	Зачарований удар	Сиқырланған соққы
Искры зачарованного попадания.	Sparks of an enchanted hit.	Funken eines verzauberten Treffers.	Étincelles d'un coup enchanté.	Chispas de un golpe encantado.	Iskry zaklętego trafienia.	Іскри зачарованого удару.	Сиқырланған соққының ұшқындары.
Белые искры с фиолетовым оттенком.	White sparks with a purple tint.	Weiße Funken mit violettem Schimmer.	Étincelles blanches à teinte violette.	Chispas blancas con tinte púrpura.	Białe iskry z fioletowym odcieniem.	Білі іскри з фіолетовим відтінком.	Күлгін реңкті ақ ұшқындар.
Энд-стержни	End rods	End-Stäbe	Tiges de l'End	Varas del End	Pręty Endu	Енд-стрижні	Энд таяқшалары
Цветной эффект вокруг сущности.	A colored effect around an entity.	Ein farbiger Effekt um eine Entität.	Un effet coloré autour d'une entité.	Un efecto de color alrededor de una entidad.	Kolorowy efekt wokół istoty.	Кольоровий ефект навколо сутності.	Тіршілік иесінің айналасындағы түсті әсер.
Эффект сущности	Entity effect	Entitätseffekt	Effet d'entité	Efecto de entidad	Efekt istoty	Ефект сутності	Тіршілік иесі әсері
Взрыв	Explosion	Explosion	Explosion	Explosión	Wybuch	Вибух	Жарылыс
Небольшая вспышка взрыва.	A small flash of an explosion.	Ein kleiner Explosionsblitz.	Un petit éclair d'explosion.	Un pequeño destello de explosión.	Mały błysk wybuchu.	Невеликий спалах вибуху.	Жарылыстың кіші жарқылы.
Источник взрыва	Explosion source	Explosionsquelle	Source d'explosion	Fuente de explosión	Źródło wybuchu	Джерело вибуху	Жарылыс көзі
Плотная визуальная вспышка взрыва.	A dense visual flash of an explosion.	Ein dichter visueller Explosionsblitz.	Un éclair visuel dense d'explosion.	Un destello visual denso de explosión.	Gęsty wizualny błysk wybuchu.	Щільний візуальний спалах вибуху.	Жарылыстың тығыз көрнекі жарқылы.
Лава, падающая с натёка.	Lava falling from a stalactite.	Lava, die von einem Tropfstein fällt.	Lave tombant d'une stalactite.	Lava que cae de una estalactita.	Lawa spadająca ze stalaktytu.	Лава, що падає зі сталактиту.	Тамшы тастан құлайтын лава.
Падающая натёчная лава	Falling dripstone lava	Fallende Tropfstein-Lava	Lave de stalactite tombante	Lava de estalactita cayendo	Spadająca lawa ze stalaktytu	Падаюча натічна лава	Тамшы тастан құлайтын лава
Вода, падающая с натёка.	Water falling from a stalactite.	Wasser, das von einem Tropfstein fällt.	Eau tombant d'une stalactite.	Agua que cae de una estalactita.	Woda spadająca ze stalaktytu.	Вода, що падає зі сталактиту.	Тамшы тастан құлайтын су.
Падающая натёчная вода	Falling dripstone water	Fallendes Tropfstein-Wasser	Eau de stalactite tombante	Agua de estalactita cayendo	Spadająca woda ze stalaktytu	Падаюча натічна вода	Тамшы тастан құлайтын су
Падающая пыль блока	Falling block dust	Fallender Blockstaub	Poussière de bloc tombant	Polvo de bloque cayendo	Spadający pył bloku	Падаюча пилюка блоку	Құлайтын блок шаңы
Частицы блока, падающие вниз.	Particles of a block falling downward.	Partikel eines nach unten fallenden Blocks.	Particules d'un bloc tombant vers le bas.	Partículas de un bloque cayendo hacia abajo.	Cząsteczki bloku spadającego w dół.	Частинки блока, що падає вниз.	Төмен құлап жатқан блоктың бөлшектері.
Более быстрые падающие медовые капли.	Faster falling honey drops.	Schneller fallende Honigtropfen.	Gouttes de miel tombant plus vite.	Gotas de miel que caen más rápido.	Szybciej spadające krople miodu.	Швидші падаючі краплі меду.	Жылдамырақ құлайтын бал тамшылары.
Падающий мёд	Falling honey	Fallender Honig	Miel tombant	Miel cayendo	Spadający miód	Падаючий мед	Құлайтын бал
Крупные частицы падающей лавы.	Large particles of falling lava.	Große Partikel fallender Lava.	Grosses particules de lave tombante.	Partículas grandes de lava cayendo.	Duże cząsteczki spadającej lawy.	Великі частинки падаючої лави.	Құлайтын лаваның ірі бөлшектері.
Падающая лава	Falling lava	Fallende Lava	Lave tombante	Lava cayendo	Spadająca lawa	Падаюча лава	Құлайтын лава
Капли нектара, падающие вниз.	Nectar drops falling downward.	Nach unten fallende Nektartropfen.	Gouttes de nectar tombant vers le bas.	Gotas de néctar cayendo hacia abajo.	Krople nektaru spadające w dół.	Краплі нектару, що падають униз.	Төмен құлайтын нектар тамшылары.
Падающий нектар	Falling nectar	Fallender Nektar	Nectar tombant	Néctar cayendo	Spadający nektar	Падаючий нектар	Құлайтын нектар
Падающая слеза	Falling tear	Fallende Träne	Larme tombante	Lágrima cayendo	Spadająca łza	Падаюча сльоза	Құлайтын жас
Падающие частицы слёз обсидиана.	Falling particles of obsidian tears.	Fallende Partikel von Obsidiantränen.	Particules tombantes de larmes d'obsidienne.	Partículas cayendo de lágrimas de obsidiana.	Spadające cząsteczki łez obsydianu.	Падаючі частинки сльози обсидіану.	Обсидиан жасының құлайтын бөлшектері.
Зелёные частицы спороцвета.	Green particles of a sporocyst.	Grüne Partikel eines Sporenkeims.	Particules vertes d'un sporocyste.	Partículas verdes de un esporocisto.	Zielone cząsteczki zarodni.	Зелені частинки спороцвіту.	Спора түйінінің жасыл бөлшектері.
Падающие споры	Falling spores	Fallende Sporen	Spores tombantes	Esporas cayendo	Spadające zarodniki	Падаючі спори	Құлайтын споралар
Падающая вода	Falling water	Fallendes Wasser	Eau tombante	Agua cayendo	Spadająca woda	Падаюча вода	Құлайтын су
Частицы воды, падающие вниз.	Particles of water falling downward.	Partikel von nach unten fallendem Wasser.	Particules d'eau tombant vers le bas.	Partículas de agua cayendo hacia abajo.	Cząsteczki wody spadającej w dół.	Частинки води, що падає вниз.	Төмен құлайтын су бөлшектері.
Мелкие светящиеся частицы светлячков.	Small glowing firefly particles.	Kleine leuchtende Glühwürmchen-Partikel.	Petites particules lumineuses de lucioles.	Pequeñas partículas brillantes de luciérnagas.	Małe świecące cząsteczki świetlików.	Дрібні світні частинки світлячків.	Жарқыраған қоңыз-шамдардың ұсақ бөлшектері.
Светлячки	Fireflies	Glühwürmchen	Lucioles	Luciérnagas	Świetliki	Світлячки	Қоңыз-шамдар
Яркие частицы фейерверка.	Bright firework particles.	Helle Feuerwerkspartikel.	Particules brillantes de feu d'artifice.	Partículas brillantes de fuegos artificiales.	Jasne cząsteczki fajerwerków.	Яскраві частинки феєрверку.	Отшашудың жарқын бөлшектері.
Поплавок	Float	Schwimmer	Flotteur	Flotador	Spławik	Поплавок	Қалқыма
Частицы на поверхности при рыбалке.	Particles on the surface while fishing.	Partikel an der Oberfläche beim Angeln.	Particules à la surface pendant la pêche.	Partículas en la superficie al pescar.	Cząsteczki na powierzchni podczas wędkowania.	Частинки на поверхні під час риболовлі.	Балық аулау кезіндегі беттегі бөлшектер.
Обычные огненные частицы.	Ordinary fire particles.	Gewöhnliche Feuerpartikel.	Particules de feu ordinaires.	Partículas de fuego normales.	Zwykłe cząsteczki ognia.	Звичайні вогняні частинки.	Қарапайым от бөлшектері.
Пламя	Flame	Flamme	Flamme	Llama	Płomień	Полум'я	Жалын
Вспышка	Flash	Blitz	Éclair	Destello	Błysk	Спалах	Жарқыл
Очень яркая короткая вспышка.	A very bright short flash.	Ein sehr heller kurzer Blitz.	Un éclair court et très lumineux.	Un destello muy brillante y corto.	Bardzo jasny krótki błysk.	Дуже яскравий короткий спалах.	Өте жарқын қысқа жарқыл.
Гейзер	Geyser	Geysir	Geyser	Géiser	Gejzer	Гейзер	Гейзер
Спецэффект гейзера из Java 26.2.	A geyser special effect from Java 26.2.	Ein Geysir-Spezialeffekt aus Java 26.2.	Un effet spécial de geyser de Java 26.2.	Un efecto especial de géiser de Java 26.2.	Efekt specjalny gejzera z Java 26.2.	Спецефект гейзера з Java 26.2.	Java 26.2 гейзерінің арнайы эффектісі.
Основание гейзера	Geyser base	Geysirbasis	Base du geyser	Base del géiser	Podstawa gejzeru	Основа гейзера	Гейзер негізі
Основание и облако гейзера.	The base and cloud of a geyser.	Basis und Wolke eines Geysirs.	La base et le nuage d'un geyser.	La base y la nube de un géiser.	Podstawa i chmura gejzera.	Основа та хмара гейзера.	Гейзердің негізі мен бұлты.
Высокая струя частиц гейзера.	A tall jet of geyser particles.	Ein hoher Strahl aus Geysir-Partikeln.	Un haut jet de particules de geyser.	Un chorro alto de partículas de géiser.	Wysoki strumień cząsteczek gejzera.	Висока цівка частинок гейзера.	Гейзер бөлшектерінің биік ағыны.
Струя гейзера	Geyser jet	Geysirstrahl	Jet de geyser	Chorro de géiser	Strumień gejzera	Цівка гейзера	Гейзер ағыны
Небольшой выброс частиц гейзера.	A small burst of geyser particles.	Ein kleiner Ausbruch von Geysir-Partikeln.	Une petite éruption de particules de geyser.	Una pequeña explosión de partículas de géiser.	Mały wybuch cząsteczek gejzera.	Невеликий викид частинок гейзера.	Гейзер бөлшектерінің шағын лаққаны.
Пуф гейзера	Geyser puff	Geysirwölkchen	Bouffée de geyser	Bocanada de géiser	Podmuch gejzera	Пуф гейзера	Гейзер бу лебі
Мягкие светящиеся частицы.	Soft glowing particles.	Weiche leuchtende Partikel.	Particules lumineuses douces.	Partículas suaves y brillantes.	Miękkie świecące cząsteczki.	Мʼякі світні частинки.	Жұмсақ жарқыраған бөлшектер.
Свечение	Glow	Leuchten	Lueur	Brillo	Blask	Світіння	Жарқырау
Светящиеся чернила	Glowing ink	Leuchtende Tinte	Encre lumineuse	Tinta brillante	Świecący atrament	Світлові чорнила	Жарқыраған сия
Светящиеся чернильные частицы спрута.	Glowing ink particles from a squid.	Leuchtende Tintenpartikel eines Tintenfischs.	Particules d'encre lumineuse d'une seiche.	Partículas de tinta brillante de un calamar.	Świecące cząsteczki atramentu kałamarnicy.	Світлові чорнильні частинки кальмара.	Кальмардың жарқыраған сия бөлшектері.
Кольцевой эффект порыва бриза.	A ring effect of a breeze gust.	Ein Ringeffekt eines Windstoßes.	Un effet en anneau d'une rafale de brise.	Un efecto de anillo de una ráfaga de brisa.	Pierścieniowy efekt podmuchu wiatru.	Кільцевий ефект пориву бризу.	Самал лебінің сақина әсері.
Порыв ветра	Wind gust	Windstoß	Rafale de vent	Ráfaga de viento	Podmuch wiatru	Порив вітру	Жел лебі
Большой источник порыва	Large gust source	Große Windstoßquelle	Grande source de rafale	Fuente grande de ráfaga	Duże źródło podmuchu	Великий джерело пориву	Үлкен леп көзі
Мощный источник порыва воздуха.	A powerful source of an air gust.	Eine starke Quelle eines Windstoßes.	Une source puissante d'une rafale d'air.	Una fuente potente de una ráfaga de aire.	Potężne źródło podmuchu powietrza.	Потужне джерело пориву повітря.	Ауа лебінің қуатты көзі.
Малый источник порыва	Small gust source	Kleine Windstoßquelle	Petite source de rafale	Fuente pequeña de ráfaga	Małe źródło podmuchu	Невелике джерело пориву	Кіші леп көзі
Небольшой источник порыва воздуха.	A small source of an air gust.	Eine kleine Quelle eines Windstoßes.	Une petite source d'une rafale d'air.	Una pequeña fuente de una ráfaga de aire.	Małe źródło podmuchu powietrza.	Невелике джерело пориву повітря.	Ауа лебінің кіші көзі.
Довольный житель	Happy villager	Zufriedener Dorfbewohner	Villageois content	Aldeano contento	Zadowolony mieszkaniec	Задоволений житель	Риза селолық
Зелёные искры радости жителя.	Green sparks of a villager's joy.	Grüne Funken der Freude eines Dorfbewohners.	Étincelles vertes de la joie d'un villageois.	Chispas verdes de la alegría de un aldeano.	Zielone iskry radości mieszkańca.	Зелені іскри радості жителя.	Селолық қуанышының жасыл ұшқындары.
Сердечки как при приручении.	Hearts, like when taming.	Herzen, wie beim Zähmen.	Cœurs, comme lors de l'apprivoisement.	Corazones, como al domesticar.	Serca, jak przy oswajaniu.	Серця, як при приручанні.	Қолға үйретуде пайда болатын жүректер.
Сердца	Hearts	Herzen	Cœurs	Corazones	Serca	Серця	Жүректер
Заражение	Infection	Infektion	Infection	Infección	Infekcja	Зараження	Жұғу
Эффект заражённого блока.	An effect of an infected block.	Ein Effekt eines infizierten Blocks.	Un effet d'un bloc infecté.	Un efecto de un bloque infectado.	Efekt zainfekowanego bloku.	Ефект зараженого блока.	Жұққан блоктың әсері.
Мгновенный эффект	Instant effect	Sofortiger Effekt	Effet instantané	Efecto instantáneo	Efekt natychmiastowy	Миттєвий ефект	Лездік әсер
Резкий всплеск эффекта зелья.	A sharp burst of a potion effect.	Ein scharfer Ausbruch eines Trankeffekts.	Une brusque éruption d'un effet de potion.	Una explosión brusca de un efecto de poción.	Gwałtowny wybuch efektu mikstury.	Різкий сплеск ефекту зілля.	Ықылас әсерінің кенет лаққаны.
Осколки предмета	Item fragments	Item-Fragmente	Fragments d'objet	Fragmentos de objeto	Fragmenty przedmiotu	Осколки предмета	Зат сынықтары
Частицы падающего предмета.	Particles of a falling item.	Partikel eines fallenden Items.	Particules d'un objet qui tombe.	Partículas de un objeto cayendo.	Cząsteczki spadającego przedmiotu.	Частинки падаючого предмета.	Құлап жатқан заттың бөлшектері.
Паутина предмета	Item web	Item-Netz	Toile d'objet	Telaraña de objeto	Sieć przedmiotu	Павутина предмета	Зат торы
Эффект частиц паутины.	A cobweb particle effect.	Ein Spinnennetz-Partikeleffekt.	Un effet de particules de toile d'araignée.	Un efecto de partículas de telaraña.	Efekt cząsteczek pajęczyny.	Ефект частинок павутиння.	Өрмекші торының бөлшек эффектісі.
Зелёные кусочки слизистого предмета.	Green chunks of a slime item.	Grüne Brocken eines Schleim-Items.	Morceaux verts d'un objet de slime.	Trozos verdes de un objeto de limo.	Zielone kawałki przedmiotu ze slime'a.	Зелені шматочки слизового предмета.	Шырышты заттың жасыл бөліктері.
Частицы слизи	Slime particles	Schleimpartikel	Particules de slime	Partículas de limo	Cząsteczki slime'a	Частинки слизу	Шырыш бөлшектері
Белые частицы снежка.	White snowball particles.	Weiße Schneeball-Partikel.	Particules blanches de boule de neige.	Partículas blancas de bola de nieve.	Białe cząsteczki śnieżki.	Білі частинки сніжка.	Ақ қар доп бөлшектері.
Частицы снежка	Snowball particles	Schneeball-Partikel	Particules de boule de neige	Partículas de bola de nieve	Cząsteczki śnieżki	Частинки сніжка	Қар доп бөлшектері
Медовые частицы при приземлении.	Honey particles when landing.	Honigpartikel beim Landen.	Particules de miel à l'atterrissage.	Partículas de miel al aterrizar.	Cząsteczki miodu przy lądowaniu.	Медові частинки при приземленні.	Қонған кездегі бал бөлшектері.
Приземление мёда	Honey landing	Honiglandung	Atterrissage de miel	Aterrizaje de miel	Lądowanie miodu	Приземлення меду	Бал қонуы
Приземление лавы	Lava landing	Lavalandung	Atterrissage de lave	Aterrizaje de lava	Lądowanie lawy	Приземлення лави	Лава қонуы
Частицы лавы при попадании.	Lava particles on impact.	Lavapartikel beim Aufprall.	Particules de lave à l'impact.	Partículas de lava al impactar.	Cząsteczki lawy przy uderzeniu.	Частинки лави при влучанні.	Соққы кезіндегі лава бөлшектері.
Приземление слезы	Tear landing	Tränenlandung	Atterrissage de larme	Aterrizaje de lágrima	Lądowanie łzy	Приземлення сльози	Жас қонуы
Частицы слёз обсидиана при попадании.	Obsidian tear particles on impact.	Obsidiantränenpartikel beim Aufprall.	Particules de larmes d'obsidienne à l'impact.	Partículas de lágrimas de obsidiana al impactar.	Cząsteczki łez obsydianu przy uderzeniu.	Частинки сльози обсидіану при влучанні.	Соққы кезіндегі обсидиан жасының бөлшектері.
Крупный дым	Large smoke	Großer Rauch	Grande fumée	Humo grande	Duży dym	Великий дим	Ірі түтін
Плотные клубы дыма.	Dense puffs of smoke.	Dichte Rauchschwaden.	Bouffées de fumée denses.	Bocanadas densas de humo.	Gęste kłęby dymu.	Щільні клуби диму.	Тығыз түтін бұлттары.
Всплеск лавы	Lava splash	Lavaspritzer	Éclaboussure de lave	Salpicadura de lava	Rozprysk lawy	Сплеск лави	Лава шашырауы
Крупные горячие капли лавы.	Large hot drops of lava.	Große heiße Lavatropfen.	Grosses gouttes de lave chaude.	Gotas grandes y calientes de lava.	Duże gorące krople lawy.	Великі гарячі краплі лави.	Ірі ыстық лава тамшылары.
Летающие частицы мицелия.	Flying mycelium particles.	Fliegende Myzel-Partikel.	Particules volantes de mycélium.	Partículas voladoras de micelio.	Latające cząsteczki grzybni.	Літаючі частинки міцелію.	Ұшатын мицелий бөлшектері.
Мицелий	Mycelium	Myzel	Mycélium	Micelio	Grzybnia	Міцелій	Мицелий
Наутилус	Nautilus	Nautilus	Nautile	Nautilus	Nautilus	Наутілус	Наутилус
Частицы водного эффекта наутилуса.	Particles of a nautilus's water effect.	Partikel des Wassereffekts eines Nautilus.	Particules de l'effet d'eau d'un nautile.	Partículas del efecto de agua de un nautilus.	Cząsteczki efektu wodnego nautilusa.	Частинки водного ефекту наутілуса.	Наутилустың су әсерінің бөлшектері.
Цветная частица музыкальной ноты.	A colored music note particle.	Ein farbiges Musiknoten-Partikel.	Une particule colorée de note de musique.	Una partícula de color de nota musical.	Kolorowa cząsteczka nuty muzycznej.	Кольорова частинка музичної ноти.	Музыкалық нотаның түсті бөлшегі.
Частицы токсичного газа Java 26.2.	Toxic gas particles from Java 26.2.	Giftgaspartikel aus Java 26.2.	Particules de gaz toxique de Java 26.2.	Partículas de gas tóxico de Java 26.2.	Cząsteczki toksycznego gazu z Java 26.2.	Частинки токсичного газу з Java 26.2.	Java 26.2 улы газының бөлшектері.
Ядовитый газ	Poison gas	Giftgas	Gaz toxique	Gas venenoso	Trujący gaz	Отруйний газ	Улы газ
Облако ядовитого газа	Poison gas cloud	Giftgaswolke	Nuage de gaz toxique	Nube de gas venenoso	Chmura trującego gazu	Хмара отруйного газу	Улы газ бұлты
Плотное облако токсичного газа.	A dense cloud of toxic gas.	Eine dichte Giftgaswolke.	Un nuage dense de gaz toxique.	Una nube densa de gas tóxico.	Gęsta chmura toksycznego gazu.	Щільна хмара токсичного газу.	Улы газдың тығыз бұлты.
Зловещее появление	Ominous appearance	Unheilvolles Erscheinen	Apparition sinistre	Aparición ominosa	Złowieszcze pojawienie się	Зловісна поява	Жынды пайда болу
Оменные частицы появления.	Ominous appearance particles.	Unheilvolle Erscheinungspartikel.	Particules d'apparition sinistre.	Partículas de aparición ominosa.	Cząsteczki złowieszczego pojawienia się.	Зловісні частинки появи.	Жынды пайда болу бөлшектері.
Листья бледного дуба	Pale oak leaves	Blasse Eichenblätter	Feuilles de chêne pâle	Hojas de roble pálido	Liście bladego dębu	Листя блідого дуба	Ашық емен жапырақтары
Падающие листья бледного дуба.	Falling pale oak leaves.	Fallende blasse Eichenblätter.	Feuilles de chêne pâle qui tombent.	Hojas de roble pálido cayendo.	Opadające liście bladego dębu.	Падаюче листя блідого дуба.	Ашық емен жапырақтарының құлауы.
Визуальный эффект остановки роста моба.	A visual effect of a mob's growth stopping.	Ein visueller Effekt des Wachstumsstopps eines Mobs.	Un effet visuel de l'arrêt de croissance d'un monstre.	Un efecto visual de la detención del crecimiento de un mob.	Wizualny efekt zatrzymania wzrostu moba.	Візуальний ефект зупинки росту моба.	Тіршілік иесінің өсуін тоқтату эффектісі.
Пауза роста	Growth pause	Wachstumspause	Pause de croissance	Pausa de crecimiento	Pauza wzrostu	Пауза росту	Өсу үзілісі
Маленькое облачко при исчезновении.	A small cloud when disappearing.	Eine kleine Wolke beim Verschwinden.	Un petit nuage en disparaissant.	Una pequeña nube al desaparecer.	Mała chmurka przy zniknięciu.	Маленька хмаринка при зникненні.	Жоғалғандағы кіші бұлтша.
Пуф	Puff	Wölkchen	Bouffée	Bocanada	Kłąb	Клуб	Бу лебі
Портал	Portal	Portal	Portail	Portal	Portal	Портал	Портал
Фиолетовые частицы портала.	Purple portal particles.	Violette Portalpartikel.	Particules violettes de portail.	Partículas moradas de portal.	Fioletowe cząsteczki portalu.	Фіолетові частинки порталу.	Портал күлгін бөлшектері.
Знак нашествия	Raid sign	Raid-Zeichen	Signe de raid	Señal de asalto	Znak najazdu	Знак нашестя	Шапқыншылық белгісі
Оменные частицы рейда.	Ominous raid particles.	Unheilvolle Raid-Partikel.	Particules sinistres de raid.	Partículas ominosas de asalto.	Złowieszcze cząsteczki najazdu.	Зловісні частинки рейду.	Шапқыншылықтың жынды бөлшектері.
Дождь	Rain	Regen	Pluie	Lluvia	Deszcz	Дощ	Жаңбыр
Мелкие частицы дождя.	Small raindrop particles.	Kleine Regentropfenpartikel.	Petites particules de gouttes de pluie.	Pequeñas partículas de gotas de lluvia.	Małe cząsteczki kropli deszczu.	Дрібні частинки дощу.	Жаңбыр тамшыларының ұсақ бөлшектері.
Визуальный эффект сброса роста моба.	A visual effect of a mob's growth reset.	Ein visueller Effekt des Wachstumsresets eines Mobs.	Un effet visuel de réinitialisation de croissance d'un monstre.	Un efecto visual del reinicio del crecimiento de un mob.	Wizualny efekt zresetowania wzrostu moba.	Візуальний ефект скидання росту моба.	Тіршілік иесінің өсуін қалпына келтіру эффектісі.
Сброс роста	Growth reset	Wachstumsreset	Réinitialisation de croissance	Reinicio de crecimiento	Reset wzrostu	Скидання росту	Өсуді қалпына келтіру
Обратный портал	Reverse portal	Umgekehrtes Portal	Portail inversé	Portal inverso	Odwrócony portal	Зворотний портал	Кері портал
Поток частиц обратного портала.	A stream of reverse portal particles.	Ein Strom umgekehrter Portalpartikel.	Un flux de particules de portail inversé.	Un flujo de partículas de portal inverso.	Strumień cząsteczek odwróconego portalu.	Потік частинок зворотного порталу.	Кері порталдың бөлшектер ағыны.
Соскабливание	Scraping	Abschaben	Grattage	Raspado	Zdrapywanie	Зіскрібання	Қырып тастау
Частицы при снятии воска.	Particles when removing wax.	Partikel beim Entfernen von Wachs.	Particules lors du retrait de la cire.	Partículas al quitar la cera.	Cząsteczki podczas usuwania wosku.	Частинки при знятті воску.	Балауыз алынған кездегі бөлшектер.
Заряд скалка	Sculk charge	Sculk-Ladung	Charge de sculk	Carga de sculk	Ładunek sculk	Заряд скалка	Скалк заряды
Пульсирующий заряд скалка.	A pulsing sculk charge.	Eine pulsierende Sculk-Ladung.	Une charge de sculk pulsante.	Una carga de sculk pulsante.	Pulsujący ładunek sculk.	Пульсуючий заряд скалка.	Соғу ырғақты скалк заряды.
Всплеск скалка	Sculk charge burst	Sculk-Ladungsausbruch	Éclatement de charge de sculk	Estallido de carga de sculk	Wybuch ładunku sculk	Сплеск заряду скалка	Скалк заряды жарылуы
Разлетающиеся частицы заряда.	Scattering charge particles.	Verstreuende Ladungspartikel.	Particules de charge dispersées.	Partículas de carga dispersándose.	Rozpraszające się cząsteczki ładunku.	Розлітаючі частинки заряду.	Шашырайтын заряд бөлшектері.
Душа скалка	Sculk soul	Sculk-Seele	Âme de sculk	Alma de sculk	Dusza sculk	Душа скалка	Скалк жаны
Душеподобные частицы скалка.	Soul-like sculk particles.	Seelenartige Sculk-Partikel.	Particules de sculk semblables à des âmes.	Partículas de sculk parecidas a almas.	Cząsteczki sculk przypominające duszę.	Душеподібні частинки скалка.	Жанға ұқсас скалк бөлшектері.
Волна крика скалкового сенсора.	A shriek wave of a sculk sensor.	Eine Schreiwelle eines Sculk-Sensors.	Une onde de cri d'un capteur de sculk.	Una onda de grito de un sensor de sculk.	Fala krzyku czujnika sculk.	Хвиля крику скалкового сенсора.	Скалк сенсорының айғай толқыны.
Крик скалка	Sculk shriek	Sculk-Schrei	Cri de sculk	Grito de sculk	Krzyk sculk	Крик скалка	Скалк айғайы
Малое пламя	Small flame	Kleine Flamme	Petite flamme	Llama pequeña	Mały płomień	Мале полум'я	Кіші жалын
Мелкие огненные частицы.	Small fire particles.	Kleine Feuerpartikel.	Petites particules de feu.	Pequeñas partículas de fuego.	Małe cząsteczki ognia.	Дрібні вогняні частинки.	Ұсақ от бөлшектері.
Малый порыв	Small gust	Kleiner Windstoß	Petite rafale	Ráfaga pequeña	Mały podmuch	Малий порив	Кіші лебі
Небольшое кольцо воздуха.	A small ring of air.	Ein kleiner Luftring.	Un petit anneau d'air.	Un pequeño anillo de aire.	Mały pierścień powietrza.	Невелике кільце повітря.	Ауаның кіші сақинасы.
Дым	Smoke	Rauch	Fumée	Humo	Dym	Дим	Түтін
Обычные частицы дыма.	Ordinary smoke particles.	Gewöhnliche Rauchpartikel.	Particules de fumée ordinaires.	Partículas de humo normales.	Zwykłe cząsteczki dymu.	Звичайні частинки диму.	Қарапайым түтін бөлшектері.
Частицы чиха панды.	Panda sneeze particles.	Panda-Nies-Partikel.	Particules d'éternuement de panda.	Partículas de estornudo de panda.	Cząsteczki kichnięcia pandy.	Частинки чхання панди.	Панданың түшкіру бөлшектері.
Чих	Sneeze	Niesen	Éternuement	Estornudo	Kichnięcie	Чхання	Түшкіру
Белые снежные хлопья.	White snowflakes.	Weiße Schneeflocken.	Flocons de neige blancs.	Copos de nieve blancos.	Białe płatki śniegu.	Білі сніжинки.	Ақ қар ұшқындары.
Снежинки	Snowflakes	Schneeflocken	Flocons de neige	Copos de nieve	Płatki śniegu	Сніжинки	Қар ұшқындары
Звуковой удар	Sonic boom	Überschallknall	Bang sonique	Estampido sónico	Grzmot dźwiękowy	Звуковий удар	Дыбыстық соққы
Мощная звуковая волна надзирателя.	A powerful sound wave from the Warden.	Eine starke Schallwelle des Warden.	Une onde sonore puissante du Warden.	Una onda sonora potente del Warden.	Potężna fala dźwiękowa Wardena.	Потужна звукова хвиля вартового безодні.	Уорденнің қуатты дыбыс толқыны.
Души	Souls	Seelen	Âmes	Almas	Dusze	Душі	Жандар
Синие частицы душ.	Blue soul particles.	Blaue Seelenpartikel.	Particules bleues d'âmes.	Partículas azules de almas.	Niebieskie cząsteczki dusz.	Сині частинки душ.	Көк жан бөлшектері.
Пламя душ	Soul flame	Seelenflamme	Flamme d'âme	Llama de alma	Dusza płomienia	Полум'я душ	Жан жалыны
Синие частицы пламени душ.	Blue particles of soul flame.	Blaue Partikel der Seelenflamme.	Particules bleues de flamme d'âme.	Partículas azules de llama de alma.	Niebieskie cząsteczki płomienia duszy.	Сині частинки полум'я душ.	Жан жалынының көк бөлшектері.
Мелкие летящие частицы плевка.	Small flying particles of spit.	Kleine fliegende Spuckpartikel.	Petites particules volantes de crachat.	Pequeñas partículas voladoras de saliva.	Małe latające cząsteczki śliny.	Дрібні летючі частинки плювка.	Түкіріктің ұшатын ұсақ бөлшектері.
Плевок	Spit	Speichel	Crachat	Saliva	Ślina	Плювок	Түкірік
Брызги	Splash	Spritzer	Éclaboussure	Salpicadura	Rozprysk	Бризки	Шашырама
Капли воды при всплеске.	Water drops from a splash.	Wassertropfen von einem Spritzer.	Gouttes d'eau d'une éclaboussure.	Gotas de agua de una salpicadura.	Krople wody z rozprysku.	Краплі води при сплеску.	Шашыраған кездегі су тамшылары.
Зелёные споры спороцвета.	Green spores of a sporocyst.	Grüne Sporen eines Sporenkeims.	Spores vertes d'un sporocyste.	Esporas verdes de un esporocisto.	Zielone zarodniki zarodni.	Зелені спори спороцвіту.	Спора түйінінің жасыл споралары.
Споры цветка	Flower spores	Blütensporen	Spores de fleur	Esporas de flor	Zarodniki kwiatu	Спори квітки	Гүл споралары
Тёмные частицы чернил спрута.	Dark particles of squid ink.	Dunkle Partikel von Tintenfischtinte.	Particules sombres d'encre de seiche.	Partículas oscuras de tinta de calamar.	Ciemne cząsteczki atramentu kałamarnicy.	Темні частинки чорнила кальмара.	Кальмар сиясының қара бөлшектері.
Чернила	Ink	Tinte	Encre	Tinta	Atrament	Чорнило	Сия
Пузырьки серы из Java 26.2.	Sulfur bubbles from Java 26.2.	Schwefelblasen aus Java 26.2.	Bulles de soufre de Java 26.2.	Burbujas de azufre de Java 26.2.	Bąbelki siarki z Java 26.2.	Сірчані бульбашки з Java 26.2.	Java 26.2 күкірт көпіршіктері.
Серные пузырьки	Sulfur bubbles	Schwefelblasen	Bulles de soufre	Burbujas de azufre	Bąbelki siarki	Сірчані бульбашки	Күкірт көпіршіктері
Серная слизь	Sulfur slime	Schwefelschleim	Slime de soufre	Limo de azufre	Śluz siarkowy	Сірчана слиз	Күкірт шырышы
Серный слизистый эффект Java 26.2.	A sulfur slime effect from Java 26.2.	Ein Schwefelschleim-Effekt aus Java 26.2.	Un effet de slime de soufre de Java 26.2.	Un efecto de limo de azufre de Java 26.2.	Efekt śluzu siarkowego z Java 26.2.	Ефект сірчаного слизу з Java 26.2.	Java 26.2 күкірт шырышының эффектісі.
Взмах оружия	Weapon sweep	Waffenschwung	Balayage d'arme	Barrido de arma	Zamach bronią	Змах зброї	Қару сермеу
Широкий след от атаки оружием.	A wide trail from a weapon attack.	Eine breite Spur eines Waffenangriffs.	Une large traînée d'une attaque à l'arme.	Una estela ancha de un ataque con arma.	Szeroki ślad ataku bronią.	Широкий слід від атаки зброєю.	Қарумен шабудың кең ізі.
Тонированные листья	Tinted leaves	Getönte Blätter	Feuilles teintées	Hojas teñidas	Barwione liście	Тоноване листя	Реңкті жапырақтар
Тонированный эффект листвы с цветом.	A tinted foliage effect with color.	Ein getönter Laubeffekt mit Farbe.	Un effet de feuillage teinté avec couleur.	Un efecto de follaje teñido con color.	Barwiony efekt liści z kolorem.	Тонований ефект листя з кольором.	Түсті реңкті жапырақ эффектісі.
Разлетающиеся частицы бессмертия.	Scattering particles of immortality.	Verstreuende Unsterblichkeitspartikel.	Particules dispersées d'immortalité.	Partículas dispersas de inmortalidad.	Rozpraszające się cząsteczki nieśmiertelności.	Розлітаючі частинки безсмертя.	Өлместіктің шашырайтын бөлшектері.
Тотем	Totem	Totem	Totem	Tótem	Totem	Тотем	Тотем
След	Trail	Spur	Traînée	Estela	Ślad	Слід	Із
Цветной след, который идёт по траектории.	A colored trail that follows a trajectory.	Eine farbige Spur, die einer Flugbahn folgt.	Une traînée colorée qui suit une trajectoire.	Una estela de color que sigue una trayectoria.	Kolorowy ślad podążający za trajektorią.	Кольоровий слід, що йде за траєкторією.	Траектория бойынша жүретін түсті із.
Знак испытания	Trial sign	Prüfungszeichen	Signe d'épreuve	Señal de prueba	Znak próby	Знак випробування	Сынақ белгісі
Оменные частицы испытания.	Ominous trial particles.	Unheilvolle Prüfungspartikel.	Particules sinistres d'épreuve.	Partículas ominosas de prueba.	Złowieszcze cząsteczki próby.	Зловісні частинки випробування.	Сынақтың жынды бөлшектері.
Обнаружение испытательного спавнера	Trial spawner detection	Erkennung durch Prüfungs-Spawner	Détection du générateur d'épreuve	Detección del generador de pruebas	Wykrywanie generatora prób	Виявлення випробувального спавнера	Сынақ спавнерінің анықтауы
Подсветка обнаружения игрока спавнером.	Highlighting a spawner's player detection.	Hervorhebung der Spielererkennung durch einen Spawner.	Mise en évidence de la détection de joueur par un générateur.	Resaltado de la detección de jugador por un generador.	Podświetlenie wykrycia gracza przez spawner.	Підсвітка виявлення гравця спавнером.	Спавнердің ойыншыны анықтауын жарықтандыру.
Зловещее обнаружение спавнера	Ominous spawner detection	Unheilvolle Spawner-Erkennung	Détection sinistre du générateur	Detección ominosa del generador	Złowieszcze wykrywanie spawnera	Зловісне виявлення спавнера	Спавнердің жынды анықтауы
Оменный вариант обнаружения игрока.	The ominous variant of player detection.	Die unheilvolle Variante der Spielererkennung.	La variante sinistre de la détection de joueur.	La variante ominosa de la detección de jugador.	Złowieszczy wariant wykrywania gracza.	Зловісний варіант виявлення гравця.	Ойыншыны анықтаудың жынды нұсқасы.
Мелкие пузырьки под водой.	Small bubbles underwater.	Kleine Blasen unter Wasser.	Petites bulles sous l'eau.	Pequeñas burbujas bajo el agua.	Małe bąbelki pod wodą.	Дрібні бульбашки під водою.	Су астындағы ұсақ көпіршіктер.
Подводные пузырьки	Underwater bubbles	Unterwasserblasen	Bulles sous-marines	Burbujas submarinas	Bąbelki podwodne	Підводні бульбашки	Су асты көпіршіктері
Связь с хранилищем	Vault link	Tresor-Verbindung	Lien de coffre-fort	Enlace de bóveda	Powiązanie ze skarbcem	Зв'язок зі сховищем	Қоймамен байланыс
Частицы связи игрока с vault.	Particles of a player's link to a vault.	Partikel der Verbindung eines Spielers zu einem Tresor.	Particules du lien d'un joueur à un coffre-fort.	Partículas del enlace de un jugador a una bóveda.	Cząsteczki powiązania gracza ze skarbcem.	Частинки зв'язку гравця зі сховищем.	Ойыншының қоймамен байланысының бөлшектері.
Вибрация	Vibration	Vibration	Vibration	Vibración	Wibracja	Вібрація	Дірілдеу
Частица вибрации, идущая к цели.	A vibration particle traveling toward a target.	Ein Vibrationspartikel, das sich zu einem Ziel bewegt.	Une particule de vibration se déplaçant vers une cible.	Una partícula de vibración que viaja hacia un objetivo.	Cząsteczka wibracji zmierzająca do celu.	Частинка вібрації, що йде до цілі.	Нысанаға бара жатқан діріл бөлшегі.
Искажённые споры	Warped spores	Verzerrte Sporen	Spores déformées	Esporas distorsionadas	Zniekształcone zarodniki	Спотворені спори	Бүлінген споралар
Споры искажённого леса.	Spores from the warped forest.	Sporen aus dem verzerrten Wald.	Spores de la forêt déformée.	Esporas del bosque distorsionado.	Zarodniki ze zniekształconego lasu.	Спори спотвореного лісу.	Бүлінген орманның споралары.
Воск снят	Wax removed	Wachs entfernt	Cire retirée	Cera quitada	Wosk usunięty	Віск знято	Балауыз алынды
Частицы при снятии воска со свечи.	Particles when removing wax from a candle.	Partikel beim Entfernen von Wachs von einer Kerze.	Particules lors du retrait de la cire d'une bougie.	Partículas al quitar la cera de una vela.	Cząsteczki podczas usuwania wosku ze świecy.	Частинки при знятті воску зі свічки.	Шамнан балауыз алынған кездегі бөлшектер.
Воск нанесён	Wax applied	Wachs aufgetragen	Cire appliquée	Cera aplicada	Nałożono wosk	Віск нанесено	Балауыз жағылды
Частицы при нанесении воска.	Particles when applying wax.	Partikel beim Auftragen von Wachs.	Particules lors de l'application de la cire.	Partículas al aplicar cera.	Cząsteczki podczas nakładania wosku.	Частинки при нанесенні воску.	Балауыз жағылған кездегі бөлшектер.
Белый пепел	White ash	Weiße Asche	Cendre blanche	Ceniza blanca	Biały popiół	Білий попіл	Ақ күл
Светлый пепел частиц.	Light ash particles.	Helle Aschepartikel.	Particules de cendre claire.	Partículas de ceniza clara.	Jasne cząsteczki popiołu.	Світлі частинки попелу.	Ашық түсті күл бөлшектері.
Белый дым	White smoke	Weißer Rauch	Fumée blanche	Humo blanco	Biały dym	Білий дим	Ақ түтін
Светлый дымок.	Light smoke.	Heller Rauch.	Fumée légère.	Humo claro.	Jasny dymek.	Легкий димок.	Ашық түтін.
Магия ведьмы	Witch magic	Hexenmagie	Magie de sorcière	Magia de bruja	Magia czarownicy	Магія відьми	Сиқыршы сиқыры
Фиолетовые магические искры.	Purple magic sparks.	Violette Magiefunken.	Étincelles de magie violettes.	Chispas mágicas moradas.	Fioletowe iskry magii.	Фіолетові магічні іскри.	Күлгін сиқыр ұшқындары.
неизвестный мир	unknown world	unbekannte Welt	monde inconnu	mundo desconocido	nieznany świat	невідомий світ	белгісіз әлем
это место находится в общем чёрном списке	this location is on the global blacklist	dieser Ort steht auf der globalen Sperrliste	cet emplacement est sur la liste noire globale	esta ubicación está en la lista negra global	to miejsce jest na globalnej czarnej liście	це місце в загальному чорному списку	бұл орын ортақ қара тізімде
это место заблокировано для данного ивента	this location is blocked for this event	dieser Ort ist für dieses Event gesperrt	cet emplacement est bloqué pour cet événement	esta ubicación está bloqueada para este evento	to miejsce jest zablokowane dla tego wydarzenia	це місце заблоковано для цієї події	бұл орын осы оқиға үшін бұғатталған
высота должна быть от	the height must be from	die Höhe muss sein von	la hauteur doit être de	la altura debe ser desde	wysokość musi być od	висота має бути від	биіктік мынадан болуы керек:
место спавна занято блоком	the spawn location is occupied by a block	der Spawn-Ort ist von einem Block belegt	l'emplacement d'apparition est occupé par un bloc	la ubicación de aparición está ocupada por un bloque	miejsce pojawienia się jest zajęte przez blok	місце спавну зайняте блоком	спавн орны блокпен алынған
снизу требуется твёрдый блок	a solid block is required below	unten wird ein fester Block benötigt	un bloc solide est requis en dessous	se requiere un bloque sólido debajo	poniżej wymagany jest stały blok	знизу потрібен твердий блок	астыда қатты блок қажет
вода запрещена настройками	water is forbidden by the settings	Wasser ist durch die Einstellungen verboten	l'eau est interdite par les paramètres	el agua está prohibida por los ajustes	woda jest zabroniona przez ustawienia	воду заборонено налаштуваннями	суға баптаулармен тыйым салынған
лава запрещена настройками	lava is forbidden by the settings	Lava ist durch die Einstellungen verboten	la lave est interdite par les paramètres	la lava está prohibida por los ajustes	lawa jest zabroniona przez ustawienia	лаву заборонено налаштуваннями	лаваға баптаулармен тыйым салынған
WorldGuard нужен для заданного региона	WorldGuard is needed for the specified region	WorldGuard wird für die angegebene Region benötigt	WorldGuard est requis pour la région spécifiée	se necesita WorldGuard para la región especificada	WorldGuard jest potrzebny dla podanego regionu	WorldGuard потрібен для заданого регіону	Көрсетілген аймақ үшін WorldGuard қажет
место находится вне разрешённого WorldGuard-региона	the location is outside the allowed WorldGuard region	der Ort liegt außerhalb der erlaubten WorldGuard-Region	l'emplacement est en dehors de la région WorldGuard autorisée	la ubicación está fuera de la región de WorldGuard permitida	miejsce jest poza dozwolonym regionem WorldGuard	місце за межами дозволеного регіону WorldGuard	орын рұқсат етілген WorldGuard аймағынан тыс
место находится вне заданной области	the location is outside the specified area	der Ort liegt außerhalb des angegebenen Bereichs	l'emplacement est en dehors de la zone spécifiée	la ubicación está fuera del área especificada	miejsce jest poza wyznaczonym obszarem	місце за межами заданої області	орын көрсетілген аумақтан тыс
слишком близко к другому ивентовому предмету	too close to another event item	zu nah an einem anderen Event-Item	trop proche d'un autre objet d'événement	demasiado cerca de otro objeto de evento	zbyt blisko innego przedmiotu wydarzenia	занадто близько до іншого івентового предмета	басқа ивент затына тым жақын
слишком близко к игроку	too close to a player	zu nah an einem Spieler	trop proche d'un joueur	demasiado cerca de un jugador	zbyt blisko gracza	занадто близько до гравця	ойыншыға тым жақын
достигнут лимит предметов в регионе:	reached the item limit in the region:	Item-Limit in der Region erreicht:	limite d'objets atteinte dans la région :	se alcanzó el límite de objetos en la región:	osiągnięto limit przedmiotów w regionie:	досягнуто ліміту предметів у регіоні:	аймақтағы заттар лимитіне жетті:
собран	collected	eingesammelt	ramassé	recogido	zebrany	зібрано	жиналды
завершён	finished	beendet	terminé	finalizado	zakończony	завершено	аяқталды
У вас нет права менять настройки точек этой роли.	You don't have permission to change this role's point settings.	Du hast keine Berechtigung, die Punkteinstellungen dieser Rolle zu ändern.	Vous n'avez pas la permission de modifier les paramètres de points de ce rôle.	No tienes permiso para cambiar los ajustes de puntos de este rol.	Nie masz uprawnień do zmiany ustawień punktów tej roli.	У вас немає права змінювати налаштування точок цієї ролі.	Бұл рөлдің нүкте баптауларын өзгертуге рұқсатыңыз жоқ.
✓ Настройка роли сброшена.	✓ The role setting was reset.	✓ Die Rolleneinstellung wurde zurückgesetzt.	✓ Le paramètre du rôle a été réinitialisé.	✓ El ajuste del rol se ha restablecido.	✓ Ustawienie roli zostało zresetowane.	✓ Налаштування ролі скинуто.	✓ Рөл баптауы қалпына келтірілді.
Лимит точек роли сброшен.	The role's point limit was reset.	Das Punktelimit der Rolle wurde zurückgesetzt.	La limite de points du rôle a été réinitialisée.	Se restableció el límite de puntos del rol.	Zresetowano limit punktów roli.	Ліміт точок ролі скинуто.	Рөлдің нүкте лимиті қалпына келтірілді.
Радиус роли сброшен.	The role's radius was reset.	Der Radius der Rolle wurde zurückgesetzt.	Le rayon du rôle a été réinitialisé.	Se restableció el radio del rol.	Zresetowano promień roli.	Радіус ролі скинуто.	Рөл радиусы қалпына келтірілді.
Центр роли возвращён к глобальному.	The role's center was reverted to the global one.	Das Zentrum der Rolle wurde auf das globale zurückgesetzt.	Le centre du rôle a été rétabli sur le centre global.	El centro del rol se restableció al global.	Środek roli przywrócono do globalnego.	Центр ролі повернуто до глобального.	Рөл орталығы жаһандыққа қайтарылды.
Глобальный центр точек	Global point center	Globales Punktzentrum	Centre de points global	Centro global de puntos	Globalny środek punktów	Глобальний центр точок	Нүктелердің жаһандық орталығы
Используется ролями без собственного центра.	Used by roles without their own center.	Wird von Rollen ohne eigenes Zentrum verwendet.	Utilisé par les rôles sans centre propre.	Lo usan los roles sin centro propio.	Używane przez role bez własnego środka.	Використовується ролями без власного центру.	Өз орталығы жоқ рөлдер пайдаланады.
Настройки моей роли	My role's settings	Einstellungen meiner Rolle	Paramètres de mon rôle	Ajustes de mi rol	Ustawienia mojej roli	Налаштування моєї ролі	Менің рөлімнің баптаулары
Роль:	Role:	Rolle:	Rôle :	Rol:	Rola:	Роль:	Рөл:
Лимит:	Limit:	Limit:	Limite :	Límite:	Limit:	Ліміт:	Лимит:
Только информация.	Information only.	Nur Information.	Information uniquement.	Solo información.	Tylko informacja.	Лише інформація.	Тек ақпарат.
Изменяет старшая роль.	A higher role can change it.	Eine höhere Rolle kann es ändern.	Un rôle supérieur peut le modifier.	Un rol superior puede cambiarlo.	Może to zmienić wyższa ranga.	Змінює старша роль.	Жоғары рөл өзгерте алады.
Нет права менять эту роль	No permission to change this role	Keine Berechtigung, diese Rolle zu ändern	Pas de permission de modifier ce rôle	Sin permiso para cambiar este rol	Brak uprawnień do zmiany tej roli	Немає права змінювати цю роль	Бұл рөлді өзгертуге рұқсат жоқ
Глобальный центр:	Global center:	Globales Zentrum:	Centre global :	Centro global:	Środek globalny:	Глобальний центр:	Жаһандық орталық:
ЛКМ — изменить X Z	LMB — change X Z	Linksklick — X Z ändern	Clic gauche — modifier X Z	Clic izq. — cambiar X Z	LPM — zmień X Z	ЛКМ — змінити X Z	СТБ — X Z өзгерту
Настройки точек встроенной роли сохраняются отдельно.	Point settings of a built-in role are stored separately.	Punkteinstellungen einer integrierten Rolle werden separat gespeichert.	Les paramètres de points d'un rôle intégré sont stockés séparément.	Los ajustes de puntos de un rol integrado se guardan por separado.	Ustawienia punktów wbudowanej roli są przechowywane osobno.	Налаштування точок вбудованої ролі зберігаються окремо.	Кірістірілген рөлдің нүкте баптаулары бөлек сақталады.
у вашей роли нет права менять настройки точек этой роли.	your role has no permission to change this role's point settings.	deine Rolle hat keine Berechtigung, die Punkteinstellungen dieser Rolle zu ändern.	votre rôle n'a pas la permission de modifier les paramètres de points de ce rôle.	tu rol no tiene permiso para cambiar los ajustes de puntos de este rol.	Twoja rola nie ma uprawnień do zmiany ustawień punktów tej roli.	у вашої ролі немає права змінювати налаштування точок цієї ролі.	рөліңіздің бұл рөлдің нүкте баптауларын өзгертуге рұқсаты жоқ.
Настройки точек роли	Role point settings	Punkteinstellungen der Rolle	Paramètres de points du rôle	Ajustes de puntos del rol	Ustawienia punktów roli	Налаштування точок ролі	Рөлдің нүкте баптаулары
Эти значения общие для всех игроков этой роли.	These values are shared by all players with this role.	Diese Werte gelten für alle Spieler mit dieser Rolle.	Ces valeurs sont communes à tous les joueurs de ce rôle.	Estos valores son comunes a todos los jugadores de este rol.	Te wartości są wspólne dla wszystkich graczy tej roli.	Ці значення спільні для всіх гравців цієї ролі.	Бұл мәндер осы рөлдегі барлық ойыншыға ортақ.
Суммарное число точек одного игрока этой роли.	The total number of points one player with this role can have.	Die Gesamtzahl der Punkte, die ein Spieler mit dieser Rolle haben kann.	Le nombre total de points qu'un joueur de ce rôle peut avoir.	El número total de puntos que puede tener un jugador de este rol.	Łączna liczba punktów jednego gracza tej roli.	Сумарна кількість точок одного гравця цієї ролі.	Осы рөлдегі бір ойыншының жалпы нүкте саны.
ПКМ — снять ограничение	RMB — remove the limit	Rechtsklick — Begrenzung entfernen	Clic droit — retirer la limite	Clic der. — quitar el límite	PPM — usuń ograniczenie	ПКМ — зняти обмеження	ОТБ — шектеуді алып тастау
Максимальное горизонтальное расстояние от центра.	The maximum horizontal distance from the center.	Der maximale horizontale Abstand vom Zentrum.	La distance horizontale maximale depuis le centre.	La distancia horizontal máxima desde el centro.	Maksymalna pozioma odległość od środka.	Максимальна горизонтальна відстань від центру.	Орталықтан ең көп көлденең қашықтық.
ЛКМ — ввести X Z	LMB — enter X Z	Linksklick — X Z eingeben	Clic gauche — saisir X Z	Clic izq. — introducir X Z	LPM — wpisz X Z	ЛКМ — ввести X Z	СТБ — X Z енгізу
ПКМ — вернуть глобальный центр	RMB — restore the global center	Rechtsklick — globales Zentrum wiederherstellen	Clic droit — rétablir le centre global	Clic der. — restaurar el centro global	PPM — przywróć środek globalny	ПКМ — повернути глобальний центр	ОТБ — жаһандық орталықты қайтару
Важно	Important	Wichtig	Important	Importante	Ważne	Важливо	Маңызды
Настройки применяются ко всей роли.	The settings apply to the whole role.	Die Einstellungen gelten für die gesamte Rolle.	Les paramètres s'appliquent à tout le rôle.	Los ajustes se aplican a todo el rol.	Ustawienia dotyczą całej roli.	Налаштування застосовуються до всієї ролі.	Баптаулар бүкіл рөлге қолданылады.
Helper меняет настройки HELPER для всех HELPER.	Editing Helper changes the HELPER settings for every HELPER.	Das Bearbeiten von Helper ändert die HELPER-Einstellungen für alle HELPER.	Modifier Helper change les paramètres HELPER pour tous les HELPER.	Editar Helper cambia los ajustes de HELPER para todos los HELPER.	Edycja Helper zmienia ustawienia HELPER dla wszystkich HELPER.	Редагування Helper змінює налаштування HELPER для всіх HELPER.	Helper өзгерту барлық HELPER үшін HELPER баптауларын өзгертеді.
У роли без своего центра используется глобальный центр.	A role without its own center uses the global center.	Eine Rolle ohne eigenes Zentrum verwendet das globale Zentrum.	Un rôle sans centre propre utilise le centre global.	Un rol sin centro propio usa el centro global.	Rola bez własnego środka używa środka globalnego.	Роль без власного центру використовує глобальний центр.	Өз орталығы жоқ рөл жаһандық орталықты пайдаланады.
Центр роли:	Role center:	Zentrum der Rolle:	Centre du rôle :	Centro del rol:	Środek roli:	Центр ролі:	Рөл орталығы:
ЛКМ — настроить центр роли	LMB — configure the role's center	Linksklick — Zentrum der Rolle konfigurieren	Clic gauche — configurer le centre du rôle	Clic izq. — configurar el centro del rol	LPM — skonfiguruj środek roli	ЛКМ — налаштувати центр ролі	СТБ — рөл орталығын баптау
Только просмотр	View only	Nur Ansicht	Lecture seule	Solo lectura	Tylko podgląd	Лише перегляд	Тек қарау
ЛКМ — изменить центр роли	LMB — change the role's center	Linksklick — Zentrum der Rolle ändern	Clic gauche — modifier le centre du rôle	Clic izq. — cambiar el centro del rol	LPM — zmień środek roli	ЛКМ — змінити центр ролі	СТБ — рөл орталығын өзгерту
у вашей роли нет права изменять настройки точек этой роли.	your role has no permission to change this role's point settings.	deine Rolle hat keine Berechtigung, die Punkteinstellungen dieser Rolle zu ändern.	votre rôle n'a pas la permission de modifier les paramètres de points de ce rôle.	tu rol no tiene permiso para cambiar los ajustes de puntos de este rol.	Twoja rola nie ma uprawnień do zmiany ustawień punktów tej roli.	у вашої ролі немає права змінювати налаштування точок цієї ролі.	рөліңіздің бұл рөлдің нүкте баптауларын өзгертуге рұқсаты жоқ.
• Лимит точек роли	• Role point limit	• Punktelimit der Rolle	• Limite de points du rôle	• Límite de puntos del rol	• Limit punktów roli	• Ліміт точок ролі	• Рөл нүкте лимиті
— без ограничения.	— no limit.	— unbegrenzt.	— sans limite.	— sin límite.	— bez ograniczeń.	— без обмеження.	— шексіз.
• Радиус роли	• Role radius	• Radius der Rolle	• Rayon du rôle	• Radio del rol	• Promień roli	• Радіус ролі	• Рөл радиусы
Введите расстояние в блоках	Enter the distance in blocks	Gib den Abstand in Blöcken ein	Saisissez la distance en blocs	Introduce la distancia en bloques	Wpisz odległość w blokach	Введіть відстань у блоках	Қашықтықты блоктармен енгізіңіз
• Центр точек роли	• Role point center	• Punktzentrum der Rolle	• Centre de points du rôle	• Centro de puntos del rol	• Środek punktów roli	• Центр точок ролі	• Рөл нүкте орталығы
Введите два числа	Enter two numbers	Gib zwei Zahlen ein	Saisissez deux nombres	Introduce dos números	Wpisz dwie liczby	Введіть два числа	Екі санды енгізіңіз
— вернуть глобальный центр.	— restore the global center.	— globales Zentrum wiederherstellen.	— rétablir le centre global.	— restaurar el centro global.	— przywróć środek globalny.	— повернути глобальний центр.	— жаһандық орталықты қайтару.
• Настройка точек роли	• Role point setting	• Punkteinstellung der Rolle	• Paramètre de points du rôle	• Ajuste de puntos del rol	• Ustawienie punktów roli	• Налаштування точок ролі	• Рөл нүкте баптауы
сброс	reset	zurücksetzen	réinitialiser	restablecer	reset	скидання	қалпына келтіру
✓ Настройка точек роли сохранена.	✓ The role's point setting was saved.	✓ Die Punkteinstellung der Rolle wurde gespeichert.	✓ Le paramètre de points du rôle a été enregistré.	✓ Se guardó el ajuste de puntos del rol.	✓ Zapisano ustawienie punktów roli.	✓ Налаштування точок ролі збережено.	✓ Рөл нүкте баптауы сақталды.
